0	NaN	1.0	NaN	NaN	NaN	NaN	NaN	NaN	NaN	NaN
1000	1.0	0.9912280701754386	0.97	1.0	0.98989898989899	1.0	0.9911504424778761	0.9893617021276596	0.9801980198019802	1.0
2000	0.9891304347826086	1.0	1.0	0.99	0.9805825242718447	0.9791666666666666	1.0	0.9807692307692307	0.9814814814814815	0.9886363636363636
3000	1.0	0.981651376146789	0.99	0.9659090909090909	1.0	0.9680851063829787	0.978021978021978	0.968421052631579	0.9722222222222222	0.9818181818181818
4000	1.0	0.9902912621359223	0.99	0.9719626168224299	0.9902912621359223	0.9489795918367347	0.9797979797979798	1.0	0.9662921348314607	0.96875
5000	1.0	0.9803921568627451	1.0	0.981651376146789	1.0	1.0	1.0	0.9797979797979798	0.967741935483871	0.981651376146789
6000	1.0	1.0	0.9916666666666667	0.9821428571428571	0.9746835443037974	0.968421052631579	0.9803921568627451	0.975609756097561	0.9811320754716981	0.9893617021276596
7000	0.9803921568627451	1.0	0.96875	0.978494623655914	0.9611650485436893	0.963302752293578	0.98	1.0	0.9574468085106383	0.990990990990991
8000	0.9696969696969697	0.9901960784313726	0.9895833333333334	0.9905660377358491	0.9805825242718447	1.0	1.0	0.9696969696969697	0.9905660377358491	1.0
9000	0.9775280898876404	0.970873786407767	0.99	1.0	0.9702970297029703	0.99	0.9690721649484536	1.0	0.989010989010989	0.9736842105263158
10000	0.9907407407407407	0.981651376146789	0.9789473684210527	0.95	0.9807692307692307	1.0	1.0	0.9879518072289156	0.968421052631579	0.9705882352941176
11000	0.9245283018867925	1.0	1.0	0.9693877551020408	0.9662921348314607	0.9811320754716981	0.9716981132075472	0.9719626168224299	0.9895833333333334	0.967741935483871
12000	0.9767441860465116	0.9885057471264368	0.979381443298969	0.990990990990991	0.9696969696969697	0.9791666666666666	0.9807692307692307	1.0	0.9626168224299065	0.9711538461538461
13000	0.970873786407767	0.9880952380952381	0.96875	0.9911504424778761	1.0	0.9714285714285714	0.9603960396039604	0.9902912621359223	1.0	0.989010989010989
14000	0.9680851063829787	0.9915254237288136	0.9893617021276596	1.0	1.0	0.9795918367346939	0.9803921568627451	0.9907407407407407	0.9642857142857143	0.9903846153846154
15000	0.9803921568627451	1.0	1.0	0.9886363636363636	1.0	0.9811320754716981	0.9819819819819819	1.0	0.9702970297029703	0.9900990099009901
16000	0.9895833333333334	0.9894736842105263	0.9904761904761905	0.9829059829059829	0.9770114942528736	1.0	0.9813084112149533	1.0	1.0	1.0
17000	1.0	0.9903846153846154	0.9759036144578314	0.9680851063829787	1.0	0.9724770642201835	1.0	1.0	0.9814814814814815	0.9882352941176471
18000	0.9919354838709677	0.9906542056074766	0.9895833333333334	0.9574468085106383	0.9739130434782609	0.9764705882352941	0.975	0.9895833333333334	0.9912280701754386	0.9887640449438202
19000	0.9866666666666667	1.0	0.9904761904761905	0.979381443298969	1.0	0.989247311827957	1.0	1.0	1.0	1.0
20000	1.0	0.9893617021276596	0.9902912621359223	0.9893617021276596	1.0	0.9907407407407407	0.9787234042553191	1.0	0.9878048780487805	1.0
21000	0.9911504424778761	0.9823008849557522	1.0	0.9866666666666667	0.989247311827957	1.0	0.9787234042553191	0.9900990099009901	0.9917355371900827	0.9797979797979798
22000	1.0	0.9896907216494846	1.0	0.9767441860465116	0.9893617021276596	1.0	1.0	0.98	0.9908256880733946	0.9821428571428571
23000	1.0	1.0	0.9903846153846154	1.0	0.9908256880733946	1.0	1.0	1.0	1.0	0.9915966386554622
24000	1.0	1.0	1.0	1.0	1.0	1.0	0.9902912621359223	0.9903846153846154	1.0	0.9591836734693877
25000	1.0	1.0	1.0	0.9827586206896551	1.0	1.0	1.0	0.9901960784313726	0.9894736842105263	0.9900990099009901
26000	0.9826086956521739	1.0	1.0	1.0	0.9896907216494846	1.0	1.0	1.0	1.0	1.0
27000	1.0	1.0	1.0	1.0	1.0	1.0	1.0	1.0	0.9900990099009901	1.0
28000	1.0	1.0	0.989010989010989	1.0	0.9904761904761905	1.0	0.9887640449438202	1.0	0.9911504424778761	1.0
29000	1.0	0.9795918367346939	0.9894736842105263	1.0	1.0	1.0	1.0	1.0	1.0	1.0
30000	1.0	1.0	0.989010989010989	1.0	0.9893617021276596	1.0	0.9906542056074766	1.0	1.0	0.9901960784313726
31000	1.0	1.0	0.9803921568627451	1.0	0.9905660377358491	1.0	1.0	1.0	1.0	1.0
32000	1.0	1.0	1.0	1.0	1.0	0.9900990099009901	1.0	1.0	0.9912280701754386	1.0
33000	0.9895833333333334	1.0	1.0	1.0	1.0	1.0	1.0	0.990990990990991	1.0	0.978021978021978
34000	1.0	1.0	1.0	1.0	1.0	1.0	0.9905660377358491	1.0	1.0	0.9801980198019802
35000	0.9885057471264368	0.9904761904761905	1.0	1.0	1.0	0.9811320754716981	0.9893617021276596	0.9908256880733946	0.9896907216494846	0.9901960784313726
36000	0.989010989010989	0.9830508474576272	0.9803921568627451	1.0	1.0	1.0	0.9912280701754386	1.0	1.0	1.0
37000	0.9897959183673469	0.9905660377358491	1.0	1.0	1.0	0.98	1.0	0.9893617021276596	1.0	0.9907407407407407
38000	1.0	0.9875	1.0	0.9903846153846154	0.9904761904761905	1.0	1.0	0.990909090909091	0.9801980198019802	1.0
39000	1.0	1.0	1.0	0.98989898989899	1.0	1.0	1.0	1.0	0.989010989010989	0.9901960784313726
40000	1.0	1.0	0.9895833333333334	0.9894736842105263	1.0	1.0	1.0	1.0	1.0	0.9896907216494846
41000	1.0	1.0	1.0	1.0	0.9912280701754386	1.0	1.0	1.0	0.9888888888888889	0.98989898989899
42000	1.0	1.0	0.9883720930232558	1.0	1.0	1.0	1.0	1.0	0.9885057471264368	0.9902912621359223
43000	1.0	1.0	1.0	1.0	1.0	1.0	1.0	1.0	1.0	1.0
44000	1.0	1.0	0.9880952380952381	1.0	1.0	1.0	1.0	1.0	0.9903846153846154	1.0
45000	1.0	1.0	1.0	1.0	1.0	1.0	1.0	1.0	1.0	0.9885057471264368
46000	1.0	0.9895833333333334	1.0	1.0	1.0	1.0	1.0	0.979381443298969	1.0	1.0
47000	0.9905660377358491	1.0	1.0	1.0	1.0	1.0	1.0	0.9905660377358491	1.0	0.9900990099009901
48000	1.0	0.9809523809523809	1.0	1.0	0.9629629629629629	0.99	1.0	1.0	1.0	0.9896907216494846
49000	1.0	1.0	1.0	0.9767441860465116	0.9887640449438202	0.990990990990991	0.989247311827957	1.0	0.990909090909091	1.0
50000	0.9895833333333334	1.0	0.9912280701754386	1.0	1.0	0.978021978021978	0.989247311827957	1.0	1.0	1.0
51000	1.0	1.0	1.0	1.0	0.9904761904761905	1.0	1.0	0.9905660377358491	0.9823008849557522	1.0
52000	0.9871794871794872	1.0	1.0	1.0	1.0	1.0	1.0	0.9903846153846154	0.9887640449438202	0.9904761904761905
53000	0.978494623655914	1.0	1.0	1.0	0.978021978021978	0.9905660377358491	1.0	1.0	0.989247311827957	1.0
54000	0.9868421052631579	1.0	1.0	1.0	1.0	0.9903846153846154	1.0	1.0	1.0	1.0
55000	0.9916666666666667	0.9900990099009901	1.0	0.9910714285714286	1.0	0.9908256880733946	0.9787234042553191	0.98989898989899	1.0	0.9897959183673469
56000	0.9895833333333334	0.9797979797979798	0.9702970297029703	0.9895833333333334	0.99	0.9753086419753086	1.0	0.9894736842105263	1.0	0.991304347826087
57000	0.9897959183673469	1.0	1.0	1.0	0.9789473684210527	0.9904761904761905	0.9911504424778761	0.99	1.0	1.0
58000	1.0	0.9905660377358491	0.9891304347826086	0.98989898989899	1.0	1.0	0.978021978021978	1.0	0.9787234042553191	1.0
59000	1.0	1.0	1.0	1.0	1.0	1.0	1.0	1.0	0.9894736842105263	1.0
60000	1.0	1.0	1.0	1.0	1.0	1.0	1.0	1.0	1.0	0.9902912621359223
61000	0.9885057471264368	0.9897959183673469	1.0	0.9906542056074766	1.0	1.0	0.989247311827957	0.99	1.0	1.0
62000	1.0	1.0	0.989010989010989	1.0	1.0	1.0	1.0	1.0	1.0	1.0
63000	1.0	1.0	1.0	1.0	0.9906542056074766	1.0	1.0	1.0	1.0	1.0
64000	1.0	1.0	1.0	1.0	0.9897959183673469	1.0	0.9888888888888889	1.0	1.0	1.0
65000	1.0	1.0	1.0	0.9893617021276596	1.0	1.0	1.0	1.0	0.9900990099009901	1.0
66000	1.0	1.0	1.0	1.0	1.0	1.0	1.0	1.0	1.0	1.0
67000	1.0	1.0	1.0	0.9787234042553191	1.0	1.0	0.9879518072289156	1.0	0.9900990099009901	1.0
68000	1.0	1.0	0.9886363636363636	1.0	1.0	1.0	1.0	1.0	1.0	1.0
69000	1.0	1.0	1.0	1.0	1.0	1.0	1.0	1.0	1.0	1.0
70000	1.0	0.9888888888888889	1.0	1.0	1.0	1.0	1.0	1.0	1.0	1.0
71000	1.0	1.0	1.0	0.9896907216494846	1.0	1.0	1.0	1.0	1.0	1.0
72000	1.0	0.9918032786885246	1.0	0.978021978021978	1.0	0.9883720930232558	0.9893617021276596	1.0	1.0	1.0
73000	1.0	1.0	1.0	0.9834710743801653	0.9903846153846154	1.0	0.9895833333333334	0.9888888888888889	0.99	1.0
74000	1.0	0.991304347826087	1.0	1.0	0.9900990099009901	0.9886363636363636	0.9895833333333334	1.0	1.0	1.0
75000	1.0	1.0	1.0	1.0	0.9878048780487805	0.9905660377358491	1.0	1.0	1.0	1.0
76000	1.0	1.0	1.0	0.99	0.98989898989899	1.0	0.9913793103448276	1.0	1.0	0.989010989010989
77000	0.9882352941176471	1.0	1.0	0.9887640449438202	1.0	1.0	0.9747899159663865	1.0	1.0	1.0
78000	1.0	1.0	1.0	0.9912280701754386	0.96875	1.0	0.975	1.0	0.9891304347826086	0.9807692307692307
79000	1.0	1.0	1.0	0.9759036144578314	1.0	0.9914529914529915	0.9900990099009901	1.0	1.0	1.0
80000	0.9734513274336283	1.0	1.0	0.989010989010989	0.9888888888888889	1.0	1.0	1.0	0.9906542056074766	0.98989898989899
81000	1.0	0.99	0.9906542056074766	0.978021978021978	1.0	0.9904761904761905	1.0	0.9893617021276596	1.0	1.0
82000	1.0	0.9897959183673469	1.0	1.0	1.0	1.0	1.0	1.0	1.0	1.0
83000	1.0	1.0	0.9904761904761905	0.99	0.98	1.0	1.0	1.0	1.0	1.0
84000	1.0	1.0	0.9893617021276596	0.979381443298969	0.9782608695652174	1.0	0.9882352941176471	1.0	1.0	1.0
85000	1.0	0.9826086956521739	1.0	1.0	1.0	1.0	0.9893617021276596	1.0	1.0	0.9894736842105263
86000	0.9910714285714286	1.0	1.0	0.9916666666666667	0.989247311827957	0.9805825242718447	1.0	0.9891304347826086	0.990909090909091	1.0
87000	0.9819819819819819	1.0	1.0	1.0	1.0	1.0	0.9696969696969697	0.9893617021276596	1.0	1.0
88000	0.989010989010989	1.0	0.9911504424778761	1.0	1.0	0.9764705882352941	1.0	0.9906542056074766	1.0	0.9903846153846154
89000	0.9900990099009901	1.0	0.9894736842105263	1.0	1.0	0.9900990099009901	1.0	1.0	0.9900990099009901	1.0
90000	1.0	1.0	1.0	0.9897959183673469	0.990909090909091	1.0	0.989247311827957	1.0	0.9904761904761905	1.0
91000	0.9906542056074766	0.9887640449438202	1.0	0.991304347826087	1.0	1.0	0.9896907216494846	1.0	0.9883720930232558	1.0
92000	1.0	0.9903846153846154	0.9905660377358491	0.9705882352941176	1.0	0.9871794871794872	0.9906542056074766	0.99	1.0	1.0
93000	0.990909090909091	1.0	0.9902912621359223	1.0	1.0	1.0	0.9770114942528736	1.0	0.9885057471264368	0.9900990099009901
94000	0.991304347826087	1.0	0.9915254237288136	1.0	1.0	0.9893617021276596	0.9775280898876404	0.9809523809523809	0.9805825242718447	0.978021978021978
95000	1.0	1.0	1.0	1.0	1.0	0.9904761904761905	1.0	1.0	0.9803921568627451	0.9814814814814815
96000	0.9886363636363636	1.0	1.0	0.9900990099009901	1.0	1.0	0.990990990990991	1.0	1.0	0.9823008849557522
97000	0.9914529914529915	1.0	1.0	1.0	1.0	0.9913793103448276	1.0	1.0	1.0	1.0
98000	0.9893617021276596	1.0	1.0	1.0	1.0	1.0	1.0	1.0	1.0	1.0
99000	0.9900990099009901	1.0	1.0	0.9770114942528736	1.0	0.9905660377358491	1.0	1.0	1.0	1.0
100000	1.0	1.0	0.9910714285714286	1.0	1.0	0.9739130434782609	1.0	1.0	1.0	0.9896907216494846
101000	1.0	0.9803921568627451	0.9886363636363636	1.0	1.0	1.0	1.0	1.0	1.0	1.0
102000	1.0	1.0	1.0	1.0	0.9897959183673469	0.99	1.0	1.0	0.989010989010989	1.0
103000	1.0	1.0	1.0	1.0	1.0	1.0	0.9903846153846154	1.0	1.0	1.0
104000	1.0	1.0	0.990990990990991	1.0	1.0	1.0	1.0	1.0	1.0	1.0
105000	1.0	1.0	1.0	1.0	1.0	1.0	1.0	1.0	1.0	1.0
106000	1.0	0.989247311827957	1.0	0.9894736842105263	1.0	1.0	0.9901960784313726	1.0	1.0	0.9913793103448276
107000	0.9904761904761905	1.0	1.0	0.9807692307692307	0.9908256880733946	1.0	1.0	0.9894736842105263	0.9897959183673469	1.0
108000	0.9827586206896551	1.0	0.9911504424778761	1.0	0.9903846153846154	1.0	1.0	1.0	0.9893617021276596	1.0
109000	0.989247311827957	1.0	0.99	1.0	1.0	1.0	1.0	1.0	1.0	0.991304347826087
110000	0.9888888888888889	1.0	1.0	1.0	0.9907407407407407	0.9680851063829787	0.9918032786885246	1.0	1.0	1.0
111000	1.0	0.9886363636363636	0.9914529914529915	0.9897959183673469	1.0	1.0	0.9885057471264368	0.991304347826087	1.0	1.0
112000	1.0	0.9894736842105263	1.0	1.0	1.0	1.0	1.0	1.0	1.0	1.0
113000	1.0	1.0	0.979381443298969	0.990909090909091	0.9739130434782609	0.9782608695652174	0.9896907216494846	1.0	1.0	1.0
114000	1.0	1.0	0.9775280898876404	1.0	0.990909090909091	0.9885057471264368	0.978021978021978	1.0	1.0	1.0
115000	0.989247311827957	1.0	0.9895833333333334	1.0	1.0	1.0	0.9885057471264368	0.9885057471264368	1.0	1.0
116000	0.9891304347826086	0.9904761904761905	1.0	1.0	1.0	0.9888888888888889	0.9911504424778761	1.0	0.9888888888888889	1.0
117000	1.0	1.0	1.0	0.991304347826087	0.989247311827957	1.0	1.0	1.0	1.0	1.0
118000	0.98989898989899	0.9907407407407407	0.9901960784313726	1.0	1.0	1.0	1.0	1.0	1.0	0.9900990099009901
119000	0.9888888888888889	1.0	0.9813084112149533	1.0	1.0	0.9903846153846154	1.0	1.0	1.0	1.0
120000	1.0	0.9904761904761905	0.9880952380952381	0.989247311827957	1.0	1.0	0.9893617021276596	0.9907407407407407	0.9819819819819819	0.9811320754716981
121000	1.0	1.0	0.9876543209876543	0.9903846153846154	1.0	1.0	1.0	0.9896907216494846	1.0	1.0
122000	0.9911504424778761	1.0	1.0	1.0	1.0	0.9879518072289156	1.0	1.0	0.9911504424778761	1.0
123000	0.9910714285714286	0.9885057471264368	1.0	1.0	0.989010989010989	1.0	0.9896907216494846	1.0	0.9903846153846154	1.0
124000	0.9903846153846154	1.0	0.9900990099009901	1.0	0.9772727272727273	0.9791666666666666	1.0	0.9896907216494846	1.0	0.9904761904761905
125000	1.0	1.0	1.0	0.9897959183673469	0.98989898989899	1.0	0.9607843137254902	0.9891304347826086	1.0	1.0
126000	1.0	0.9908256880733946	1.0	0.9787234042553191	1.0	0.9880952380952381	0.9913793103448276	0.9801980198019802	1.0	0.989010989010989
127000	1.0	1.0	0.98989898989899	0.99	1.0	1.0	1.0	0.9901960784313726	1.0	0.9900990099009901
128000	1.0	0.9777777777777777	1.0	1.0	0.98989898989899	1.0	1.0	1.0	1.0	0.9914529914529915
129000	1.0	0.98989898989899	1.0	0.9908256880733946	1.0	0.9895833333333334	0.9894736842105263	1.0	1.0	0.9896907216494846
130000	1.0	1.0	1.0	1.0	1.0	0.99	0.9831932773109243	1.0	0.9809523809523809	0.9797979797979798
131000	1.0	1.0	0.9901960784313726	0.9789473684210527	0.9789473684210527	0.9900990099009901	1.0	1.0	1.0	0.9819819819819819
132000	1.0	1.0	0.9896907216494846	0.9888888888888889	1.0	0.9915966386554622	1.0	0.99	1.0	0.975
133000	1.0	0.98989898989899	1.0	0.9834710743801653	0.9897959183673469	0.9903846153846154	0.990990990990991	0.9702970297029703	0.9891304347826086	0.9901960784313726
134000	1.0	1.0	0.9900990099009901	1.0	0.9807692307692307	0.9885057471264368	0.991304347826087	1.0	1.0	1.0
135000	0.9910714285714286	1.0	1.0	1.0	0.9886363636363636	1.0	0.9891304347826086	0.9896907216494846	1.0	0.9895833333333334
136000	1.0	1.0	1.0	0.9902912621359223	1.0	0.990990990990991	1.0	1.0	0.9891304347826086	1.0
137000	1.0	1.0	0.9914529914529915	0.9894736842105263	0.9879518072289156	0.9880952380952381	1.0	1.0	1.0	1.0
138000	0.9634146341463414	1.0	1.0	0.9901960784313726	1.0	0.98989898989899	0.9905660377358491	1.0	0.9910714285714286	0.9891304347826086
139000	1.0	1.0	1.0	1.0	1.0	0.9903846153846154	1.0	0.9900990099009901	1.0	0.9894736842105263
140000	0.9907407407407407	1.0	0.9830508474576272	0.9876543209876543	0.9901960784313726	1.0	1.0	1.0	0.9895833333333334	0.979381443298969
141000	1.0	1.0	0.9901960784313726	1.0	0.9764705882352941	1.0	1.0	1.0	1.0	0.9797979797979798
142000	1.0	0.9838709677419355	1.0	1.0	1.0	1.0	1.0	1.0	0.9904761904761905	1.0
143000	0.9834710743801653	1.0	0.9764705882352941	1.0	0.990909090909091	1.0	1.0	0.9875	0.98989898989899	1.0
144000	1.0	0.9885057471264368	1.0	0.9690721649484536	1.0	0.9900990099009901	0.9836065573770492	1.0	1.0	0.9901960784313726
145000	0.98989898989899	1.0	1.0	1.0	0.9897959183673469	1.0	0.9834710743801653	1.0	0.9787234042553191	0.9901960784313726
146000	1.0	1.0	1.0	1.0	1.0	0.9894736842105263	1.0	0.9910714285714286	0.9906542056074766	0.989010989010989
147000	1.0	1.0	0.9716981132075472	1.0	1.0	0.9901960784313726	0.99	0.99	0.9787234042553191	1.0
148000	1.0	1.0	1.0	0.989010989010989	0.990990990990991	1.0	0.9888888888888889	0.9795918367346939	0.9896907216494846	0.9907407407407407
149000	0.9893617021276596	1.0	1.0	0.989010989010989	1.0	1.0	0.9824561403508771	0.9895833333333334	0.9910714285714286	0.9894736842105263
150000	0.9719626168224299	1.0	1.0	0.9876543209876543	0.9900990099009901	0.9807692307692307	1.0	1.0	0.9801980198019802	0.9705882352941176
151000	0.9904761904761905	1.0	0.9906542056074766	0.9711538461538461	1.0	1.0	0.9907407407407407	1.0	0.9900990099009901	1.0
152000	0.9896907216494846	1.0	1.0	0.9902912621359223	1.0	1.0	1.0	0.9894736842105263	0.9662921348314607	0.9891304347826086
153000	1.0	0.9907407407407407	0.9830508474576272	0.9894736842105263	1.0	0.9777777777777777	0.9906542056074766	1.0	0.9814814814814815	0.9882352941176471
154000	0.9883720930232558	0.9811320754716981	1.0	1.0	0.9902912621359223	0.9813084112149533	1.0	0.9906542056074766	0.9818181818181818	1.0
155000	1.0	1.0	1.0	1.0	0.9907407407407407	0.978494623655914	0.99	0.9891304347826086	1.0	1.0
156000	1.0	1.0	1.0	1.0	0.9912280701754386	1.0	1.0	0.9908256880733946	1.0	1.0
157000	1.0	1.0	1.0	0.989010989010989	1.0	1.0	0.9897959183673469	1.0	0.9885057471264368	0.989010989010989
158000	1.0	1.0	1.0	0.9896907216494846	1.0	1.0	1.0	1.0	0.9903846153846154	1.0
159000	1.0	0.9897959183673469	1.0	1.0	0.9903846153846154	1.0	1.0	0.9888888888888889	0.9886363636363636	1.0
160000	0.9814814814814815	1.0	1.0	0.9821428571428571	1.0	1.0	1.0	1.0	0.9882352941176471	1.0
161000	1.0	1.0	0.9896907216494846	0.991304347826087	1.0	0.979381443298969	1.0	1.0	1.0	1.0
162000	0.9896907216494846	0.9901960784313726	1.0	1.0	1.0	0.9805825242718447	1.0	0.978021978021978	0.9900990099009901	0.98989898989899
163000	0.9911504424778761	1.0	1.0	1.0	1.0	0.9904761904761905	1.0	1.0	1.0	1.0
164000	1.0	0.9908256880733946	1.0	0.9895833333333334	1.0	0.9907407407407407	0.9885057471264368	1.0	0.9911504424778761	1.0
165000	1.0	1.0	1.0	1.0	1.0	1.0	1.0	1.0	1.0	1.0
166000	0.9888888888888889	1.0	1.0	1.0	1.0	1.0	0.9904761904761905	1.0	1.0	1.0
167000	1.0	0.9900990099009901	1.0	1.0	1.0	1.0	1.0	1.0	1.0	1.0
168000	1.0	1.0	0.9904761904761905	1.0	1.0	0.9905660377358491	1.0	1.0	0.9772727272727273	1.0
169000	1.0	1.0	1.0	1.0	1.0	1.0	1.0	1.0	1.0	1.0
170000	0.9897959183673469	1.0	1.0	1.0	1.0	1.0	1.0	1.0	1.0	1.0
171000	0.9905660377358491	1.0	1.0	1.0	1.0	0.978494623655914	0.991304347826087	1.0	1.0	1.0
172000	1.0	1.0	1.0	1.0	1.0	1.0	1.0	1.0	1.0	1.0
173000	1.0	1.0	1.0	1.0	1.0	1.0	1.0	1.0	1.0	1.0
174000	0.9813084112149533	1.0	1.0	0.9829059829059829	0.989247311827957	1.0	1.0	1.0	1.0	0.9882352941176471
175000	1.0	1.0	1.0	0.9904761904761905	1.0	1.0	1.0	0.9893617021276596	0.9894736842105263	1.0
176000	0.9896907216494846	1.0	0.974025974025974	1.0	0.9797979797979798	1.0	1.0	1.0	1.0	1.0
177000	1.0	0.9893617021276596	1.0	1.0	1.0	1.0	1.0	1.0	1.0	1.0
178000	1.0	0.9901960784313726	1.0	1.0	1.0	1.0	1.0	1.0	1.0	1.0
179000	1.0	1.0	1.0	0.9883720930232558	1.0	1.0	1.0	1.0	1.0	1.0
180000	1.0	1.0	1.0	1.0	1.0	1.0	1.0	1.0	1.0	1.0
181000	1.0	1.0	1.0	1.0	1.0	1.0	0.9894736842105263	1.0	1.0	0.9893617021276596
182000	1.0	0.9888888888888889	0.9827586206896551	1.0	1.0	0.9910714285714286	1.0	1.0	1.0	1.0
183000	1.0	1.0	1.0	0.9905660377358491	1.0	1.0	1.0	1.0	0.9893617021276596	0.9914529914529915
184000	1.0	1.0	1.0	1.0	1.0	1.0	1.0	1.0	1.0	0.9907407407407407
185000	1.0	1.0	1.0	0.9809523809523809	1.0	1.0	1.0	1.0	1.0	1.0
186000	1.0	1.0	0.9901960784313726	0.9907407407407407	1.0	0.9897959183673469	1.0	0.989247311827957	1.0	1.0
187000	1.0	1.0	1.0	1.0	1.0	1.0	1.0	1.0	1.0	0.9906542056074766
188000	0.9908256880733946	1.0	0.9893617021276596	0.9915966386554622	1.0	1.0	1.0	1.0	1.0	0.9893617021276596
189000	1.0	1.0	0.9897959183673469	1.0	1.0	0.9905660377358491	1.0	0.9791666666666666	0.9880952380952381	1.0
190000	1.0	0.9888888888888889	0.9897959183673469	1.0	1.0	1.0	1.0	1.0	1.0	1.0
191000	1.0	0.9913793103448276	1.0	1.0	1.0	0.9912280701754386	1.0	1.0	1.0	0.99
192000	1.0	0.990909090909091	1.0	1.0	1.0	1.0	1.0	1.0	0.9893617021276596	0.9891304347826086
193000	0.9911504424778761	1.0	1.0	1.0	1.0	1.0	0.989247311827957	0.9897959183673469	1.0	1.0
194000	1.0	1.0	1.0	1.0	0.990990990990991	1.0	1.0	1.0	1.0	1.0
195000	1.0	1.0	0.990909090909091	1.0	1.0	1.0	0.9905660377358491	1.0	1.0	1.0
196000	1.0	1.0	1.0	1.0	1.0	1.0	1.0	1.0	1.0	1.0
197000	1.0	1.0	1.0	1.0	1.0	1.0	1.0	1.0	0.9900990099009901	1.0
198000	1.0	1.0	1.0	1.0	0.9901960784313726	0.9905660377358491	1.0	1.0	1.0	1.0
199000	0.9895833333333334	1.0	1.0	1.0	1.0	1.0	1.0	1.0	1.0	1.0
200000	1.0	1.0	1.0	1.0	1.0	0.9891304347826086	1.0	0.9897959183673469	1.0	1.0
201000	1.0	1.0	1.0	1.0	1.0	1.0	1.0	0.9880952380952381	1.0	1.0
202000	0.9903846153846154	1.0	1.0	1.0	1.0	1.0	1.0	0.9905660377358491	1.0	1.0
203000	1.0	1.0	0.9894736842105263	1.0	1.0	1.0	1.0	0.99	1.0	1.0
204000	1.0	1.0	1.0	1.0	1.0	1.0	1.0	1.0	0.9777777777777777	1.0
205000	1.0	1.0	1.0	1.0	1.0	1.0	1.0	1.0	1.0	1.0
206000	1.0	1.0	1.0	1.0	1.0	1.0	1.0	1.0	1.0	1.0
207000	1.0	1.0	1.0	1.0	1.0	1.0	0.9895833333333334	1.0	1.0	1.0
208000	0.9901960784313726	1.0	1.0	1.0	1.0	1.0	1.0	0.9911504424778761	1.0	1.0
209000	0.9920634920634921	1.0	1.0	0.9893617021276596	1.0	1.0	1.0	1.0	1.0	1.0
210000	0.9910714285714286	1.0	0.9915966386554622	1.0	1.0	1.0	1.0	1.0	1.0	1.0
211000	1.0	1.0	0.9905660377358491	1.0	1.0	1.0	1.0	1.0	1.0	1.0
212000	1.0	1.0	1.0	1.0	1.0	1.0	0.9900990099009901	0.9902912621359223	1.0	1.0
213000	1.0	1.0	0.983739837398374	1.0	1.0	1.0	1.0	1.0	1.0	1.0
214000	1.0	1.0	1.0	1.0	1.0	1.0	1.0	1.0	1.0	1.0
215000	1.0	1.0	0.9903846153846154	1.0	1.0	1.0	0.989247311827957	1.0	1.0	1.0
216000	1.0	1.0	0.990990990990991	1.0	1.0	1.0	0.9894736842105263	1.0	1.0	1.0
217000	1.0	1.0	1.0	1.0	1.0	1.0	1.0	1.0	1.0	0.9886363636363636
218000	1.0	1.0	1.0	1.0	1.0	1.0	1.0	1.0	1.0	1.0
219000	1.0	1.0	1.0	1.0	1.0	1.0	1.0	1.0	0.9895833333333334	1.0
220000	1.0	1.0	1.0	1.0	1.0	1.0	0.9882352941176471	1.0	0.990990990990991	1.0
221000	0.9895833333333334	1.0	1.0	1.0	1.0	1.0	1.0	1.0	1.0	0.9895833333333334
222000	1.0	1.0	1.0	1.0	1.0	1.0	1.0	1.0	1.0	1.0
223000	1.0	1.0	0.99	1.0	1.0	1.0	1.0	1.0	1.0	1.0
224000	1.0	1.0	1.0	1.0	1.0	0.9904761904761905	1.0	1.0	1.0	1.0
225000	1.0	1.0	1.0	1.0	1.0	1.0	1.0	1.0	1.0	1.0
226000	1.0	1.0	1.0	0.9901960784313726	1.0	1.0	1.0	0.9901960784313726	1.0	1.0
227000	1.0	1.0	1.0	1.0	1.0	1.0	0.9887640449438202	1.0	0.9897959183673469	1.0
228000	1.0	1.0	1.0	1.0	1.0	1.0	1.0	1.0	1.0	1.0
229000	1.0	1.0	1.0	0.9897959183673469	1.0	1.0	1.0	1.0	1.0	1.0
230000	1.0	1.0	1.0	0.9895833333333334	1.0	1.0	1.0	1.0	1.0	1.0
231000	0.9878048780487805	1.0	1.0	1.0	1.0	1.0	1.0	1.0	0.9897959183673469	0.990909090909091
232000	1.0	1.0	1.0	1.0	1.0	1.0	0.9918032786885246	1.0	1.0	0.9886363636363636
233000	1.0	0.9911504424778761	1.0	0.9901960784313726	1.0	1.0	1.0	1.0	0.9918032786885246	1.0
234000	1.0	0.989247311827957	1.0	1.0	0.9900990099009901	1.0	0.99	1.0	1.0	1.0
235000	1.0	1.0	0.9903846153846154	1.0	1.0	1.0	1.0	0.9885057471264368	1.0	0.989010989010989
236000	1.0	1.0	1.0	0.99	1.0	1.0	0.9887640449438202	1.0	1.0	1.0
237000	1.0	0.9896907216494846	1.0	1.0	1.0	1.0	1.0	0.9895833333333334	1.0	1.0
238000	1.0	1.0	1.0	1.0	1.0	0.9903846153846154	1.0	0.9911504424778761	1.0	1.0
239000	0.9895833333333334	1.0	0.9891304347826086	0.9823008849557522	1.0	0.9908256880733946	1.0	1.0	1.0	1.0
240000	1.0	1.0	1.0	1.0	1.0	1.0	0.9918032786885246	1.0	1.0	0.9830508474576272
241000	1.0	1.0	1.0	0.9918032786885246	1.0	1.0	1.0	1.0	1.0	1.0
242000	1.0	0.99	1.0	1.0	1.0	0.98989898989899	0.9900990099009901	1.0	1.0	1.0
243000	1.0	1.0	1.0	0.9907407407407407	1.0	1.0	1.0	1.0	0.989247311827957	1.0
244000	1.0	1.0	1.0	1.0	0.99	1.0	1.0	1.0	1.0	0.9912280701754386
245000	1.0	1.0	1.0	1.0	1.0	1.0	1.0	1.0	1.0	1.0
246000	1.0	1.0	0.9896907216494846	1.0	1.0	1.0	1.0	1.0	1.0	1.0
247000	0.9772727272727273	1.0	1.0	1.0	1.0	1.0	1.0	1.0	1.0	1.0
248000	1.0	1.0	1.0	1.0	1.0	1.0	1.0	0.9917355371900827	1.0	1.0
249000	1.0	0.9904761904761905	1.0	1.0	1.0	1.0	1.0	0.99	1.0	1.0
250000	0.9913793103448276	1.0	1.0	1.0	1.0	1.0	1.0	1.0	1.0	1.0
251000	1.0	1.0	1.0	1.0	0.99	1.0	1.0	1.0	1.0	1.0
252000	1.0	1.0	1.0	1.0	1.0	1.0	1.0	1.0	1.0	1.0
253000	0.9880952380952381	1.0	1.0	1.0	1.0	1.0	1.0	1.0	1.0	1.0
254000	1.0	1.0	1.0	1.0	1.0	0.9906542056074766	1.0	1.0	1.0	1.0
255000	1.0	1.0	1.0	1.0	1.0	1.0	1.0	1.0	1.0	1.0
256000	1.0	1.0	0.9900990099009901	1.0	1.0	0.9903846153846154	1.0	1.0	1.0	1.0
257000	1.0	0.9879518072289156	1.0	1.0	1.0	1.0	1.0	1.0	1.0	1.0
258000	1.0	1.0	1.0	1.0	1.0	1.0	1.0	1.0	1.0	1.0
259000	1.0	1.0	1.0	1.0	1.0	1.0	1.0	1.0	1.0	1.0
260000	1.0	1.0	1.0	1.0	1.0	1.0	1.0	1.0	1.0	1.0
261000	1.0	1.0	0.9895833333333334	1.0	1.0	1.0	1.0	1.0	1.0	1.0
262000	0.9770114942528736	1.0	0.990990990990991	1.0	1.0	0.9894736842105263	1.0	1.0	1.0	1.0
263000	1.0	0.989247311827957	1.0	1.0	1.0	0.9894736842105263	1.0	1.0	1.0	1.0
264000	1.0	1.0	1.0	0.978021978021978	1.0	1.0	0.9897959183673469	1.0	1.0	0.9896907216494846
265000	1.0	0.9896907216494846	1.0	1.0	1.0	1.0	1.0	1.0	0.989010989010989	1.0
266000	1.0	1.0	1.0	1.0	1.0	1.0	1.0	1.0	0.990990990990991	1.0
267000	1.0	0.9777777777777777	1.0	1.0	1.0	1.0	1.0	0.9908256880733946	1.0	1.0
268000	1.0	1.0	0.9896907216494846	1.0	1.0	0.9897959183673469	1.0	1.0	1.0	1.0
269000	0.9895833333333334	0.984	1.0	1.0	0.9901960784313726	1.0	1.0	0.9883720930232558	1.0	1.0
270000	0.98	1.0	0.9629629629629629	1.0	1.0	1.0	1.0	1.0	0.9911504424778761	1.0
271000	1.0	1.0	1.0	0.9905660377358491	1.0	0.9897959183673469	0.989247311827957	0.9894736842105263	0.9878048780487805	1.0
272000	1.0	1.0	1.0	1.0	1.0	1.0	1.0	0.9913793103448276	1.0	1.0
273000	0.9813084112149533	0.9895833333333334	0.9805825242718447	0.99	0.99	0.9904761904761905	1.0	0.9893617021276596	1.0	0.9871794871794872
274000	1.0	1.0	0.9907407407407407	1.0	1.0	0.989247311827957	1.0	1.0	1.0	1.0
275000	1.0	1.0	1.0	1.0	1.0	0.9782608695652174	1.0	0.9891304347826086	0.9917355371900827	1.0
276000	1.0	0.9895833333333334	0.9897959183673469	1.0	1.0	1.0	1.0	1.0	1.0	1.0
277000	1.0	0.987012987012987	0.9894736842105263	1.0	1.0	1.0	1.0	1.0	0.9915254237288136	1.0
278000	1.0	1.0	1.0	1.0	1.0	1.0	0.99	1.0	1.0	1.0
279000	1.0	0.9897959183673469	1.0	1.0	1.0	0.9902912621359223	1.0	0.989247311827957	1.0	1.0
280000	1.0	0.9900990099009901	1.0	0.9901960784313726	1.0	0.989010989010989	0.9921259842519685	1.0	0.9912280701754386	1.0
281000	1.0	0.9767441860465116	0.9901960784313726	0.9912280701754386	1.0	1.0	1.0	1.0	1.0	1.0
282000	0.9896907216494846	1.0	1.0	1.0	0.9900990099009901	1.0	1.0	1.0	1.0	1.0
283000	1.0	1.0	0.9911504424778761	0.9888888888888889	1.0	1.0	0.9818181818181818	0.98989898989899	0.9770114942528736	1.0
284000	1.0	1.0	1.0	1.0	1.0	1.0	1.0	0.98989898989899	1.0	1.0
285000	1.0	1.0	1.0	1.0	1.0	1.0	1.0	1.0	1.0	1.0
286000	1.0	1.0	0.9887640449438202	0.9902912621359223	0.9811320754716981	1.0	1.0	1.0	1.0	0.9896907216494846
287000	1.0	1.0	1.0	1.0	1.0	0.9896907216494846	1.0	1.0	0.9903846153846154	1.0
288000	1.0	1.0	0.9886363636363636	1.0	1.0	1.0	1.0	1.0	0.9891304347826086	1.0
289000	1.0	1.0	1.0	0.99	1.0	1.0	0.9894736842105263	1.0	1.0	1.0
290000	1.0	1.0	0.9903846153846154	0.9893617021276596	1.0	1.0	0.9902912621359223	1.0	1.0	1.0
291000	0.9885057471264368	0.9911504424778761	1.0	1.0	1.0	1.0	1.0	1.0	0.9900990099009901	1.0
292000	1.0	1.0	0.9900990099009901	1.0	1.0	1.0	0.9696969696969697	1.0	0.9896907216494846	1.0
293000	1.0	1.0	0.9900990099009901	1.0	1.0	1.0	1.0	0.9880952380952381	1.0	1.0
294000	1.0	1.0	1.0	0.9893617021276596	1.0	0.98989898989899	0.9764705882352941	1.0	1.0	1.0
295000	0.9753086419753086	1.0	1.0	1.0	1.0	1.0	1.0	1.0	1.0	1.0
296000	0.9897959183673469	1.0	0.9906542056074766	1.0	1.0	1.0	1.0	0.9814814814814815	1.0	1.0
297000	1.0	1.0	1.0	1.0	1.0	1.0	1.0	1.0	1.0	0.9911504424778761
298000	1.0	1.0	1.0	1.0	1.0	1.0	1.0	0.9887640449438202	1.0	0.9902912621359223
299000	1.0	0.9906542056074766	1.0	0.979381443298969	1.0	1.0	0.9908256880733946	1.0	1.0	0.987012987012987
300000	1.0	1.0	0.9906542056074766	1.0	1.0	0.9908256880733946	0.9893617021276596	1.0	1.0	1.0
301000	1.0	1.0	1.0	1.0	1.0	1.0	1.0	1.0	1.0	1.0
302000	1.0	1.0	0.9901960784313726	1.0	1.0	1.0	1.0	0.9910714285714286	0.9809523809523809	1.0
303000	1.0	0.9903846153846154	0.9888888888888889	1.0	1.0	1.0	1.0	1.0	0.990909090909091	1.0
304000	1.0	1.0	1.0	1.0	1.0	1.0	1.0	1.0	1.0	1.0
305000	1.0	1.0	1.0	1.0	1.0	1.0	0.9908256880733946	1.0	1.0	1.0
306000	1.0	1.0	0.9901960784313726	1.0	1.0	1.0	1.0	1.0	1.0	0.9895833333333334
307000	1.0	0.9908256880733946	0.9895833333333334	0.9901960784313726	1.0	1.0	0.9905660377358491	1.0	0.9901960784313726	1.0
308000	1.0	1.0	1.0	1.0	1.0	1.0	0.9908256880733946	1.0	1.0	1.0
309000	1.0	1.0	1.0	1.0	1.0	1.0	1.0	0.9894736842105263	1.0	1.0
310000	1.0	0.9904761904761905	1.0	1.0	1.0	1.0	1.0	1.0	1.0	1.0
311000	1.0	1.0	1.0	1.0	1.0	1.0	0.9907407407407407	1.0	0.9896907216494846	1.0
312000	1.0	1.0	1.0	1.0	0.98989898989899	0.9903846153846154	1.0	1.0	1.0	1.0
313000	0.9912280701754386	1.0	1.0	0.989010989010989	1.0	1.0	1.0	1.0	1.0	1.0
314000	0.9897959183673469	1.0	1.0	1.0	1.0	1.0	1.0	1.0	1.0	1.0
315000	1.0	0.9878048780487805	1.0	1.0	1.0	0.9894736842105263	1.0	1.0	0.9902912621359223	0.9801980198019802
316000	1.0	0.9886363636363636	1.0	1.0	0.99	1.0	1.0	1.0	1.0	1.0
317000	0.9894736842105263	1.0	1.0	1.0	1.0	1.0	1.0	1.0	0.98989898989899	0.98989898989899
318000	1.0	0.9905660377358491	0.9883720930232558	1.0	1.0	1.0	1.0	0.9722222222222222	1.0	1.0
319000	1.0	0.9907407407407407	1.0	0.9814814814814815	1.0	0.9908256880733946	1.0	1.0	1.0	1.0
320000	0.9911504424778761	1.0	0.9903846153846154	0.989247311827957	1.0	1.0	1.0	1.0	1.0	1.0
321000	1.0	1.0	0.9900990099009901	0.9904761904761905	1.0	1.0	0.990990990990991	1.0	1.0	1.0
322000	1.0	0.9900990099009901	1.0	1.0	1.0	1.0	1.0	1.0	0.98989898989899	1.0
323000	1.0	1.0	1.0	1.0	1.0	0.9767441860465116	1.0	1.0	0.9821428571428571	1.0
324000	0.9888888888888889	1.0	1.0	0.9736842105263158	1.0	0.9904761904761905	0.9901960784313726	0.9906542056074766	0.99	0.9896907216494846
325000	1.0	1.0	0.9885057471264368	1.0	1.0	1.0	0.9891304347826086	0.9908256880733946	1.0	0.9787234042553191
326000	1.0	0.9906542056074766	0.9761904761904762	0.96875	0.9900990099009901	0.9897959183673469	1.0	1.0	0.9743589743589743	0.9736842105263158
327000	1.0	0.979381443298969	1.0	1.0	1.0	1.0	0.99	1.0	0.9894736842105263	1.0
328000	0.979381443298969	1.0	0.9908256880733946	0.9818181818181818	0.9811320754716981	1.0	1.0	1.0	1.0	1.0
329000	1.0	1.0	0.9906542056074766	1.0	0.9918032786885246	1.0	0.9893617021276596	0.9893617021276596	1.0	1.0
330000	0.989247311827957	1.0	1.0	1.0	1.0	0.9791666666666666	1.0	1.0	0.978021978021978	0.9908256880733946
331000	1.0	1.0	1.0	1.0	1.0	1.0	1.0	1.0	0.9888888888888889	1.0
332000	0.9896907216494846	0.9789473684210527	1.0	1.0	0.9885057471264368	0.9906542056074766	1.0	1.0	0.9813084112149533	0.9824561403508771
333000	0.9906542056074766	0.989010989010989	1.0	1.0	0.9789473684210527	0.983739837398374	0.9879518072289156	1.0	0.9777777777777777	1.0
334000	1.0	0.9895833333333334	0.990990990990991	1.0	0.9918032786885246	1.0	1.0	0.989010989010989	1.0	1.0
335000	1.0	1.0	0.9904761904761905	1.0	1.0	0.9895833333333334	0.9893617021276596	0.989010989010989	0.9902912621359223	1.0
336000	0.9876543209876543	0.9716981132075472	1.0	1.0	0.9903846153846154	0.9911504424778761	0.979381443298969	1.0	0.9761904761904762	1.0
337000	0.9901960784313726	1.0	0.9913793103448276	1.0	1.0	1.0	0.9887640449438202	1.0	1.0	1.0
338000	1.0	0.990909090909091	0.9789473684210527	1.0	1.0	0.98989898989899	0.9791666666666666	0.98989898989899	1.0	1.0
339000	0.9894736842105263	0.9782608695652174	0.99	0.9886363636363636	0.9819819819819819	0.9915966386554622	1.0	1.0	1.0	0.9888888888888889
340000	0.989247311827957	0.9777777777777777	1.0	0.9901960784313726	1.0	1.0	0.99	1.0	0.990990990990991	0.9897959183673469
341000	0.9886363636363636	0.9791666666666666	0.9903846153846154	0.9904761904761905	1.0	1.0	1.0	1.0	1.0	0.9895833333333334
342000	1.0	1.0	0.9903846153846154	0.9797979797979798	1.0	1.0	1.0	1.0	0.9903846153846154	1.0
343000	1.0	0.9879518072289156	1.0	0.989247311827957	0.9894736842105263	1.0	1.0	1.0	1.0	1.0
344000	0.9895833333333334	0.9565217391304348	0.9900990099009901	1.0	1.0	1.0	0.9829059829059829	0.9902912621359223	0.9754098360655737	1.0
345000	1.0	0.9807692307692307	0.9805825242718447	0.9887640449438202	0.9913793103448276	0.9903846153846154	0.9883720930232558	0.9886363636363636	0.9897959183673469	0.9813084112149533
346000	0.9916666666666667	0.967032967032967	0.9895833333333334	1.0	1.0	1.0	0.9901960784313726	0.9888888888888889	0.9791666666666666	0.9883720930232558
347000	0.9905660377358491	1.0	0.9821428571428571	0.9811320754716981	0.989010989010989	0.9896907216494846	0.989010989010989	0.9795918367346939	0.9791666666666666	1.0
348000	0.9789473684210527	0.9818181818181818	0.9767441860465116	0.97	0.9705882352941176	1.0	1.0	0.976	1.0	1.0
349000	1.0	0.9813084112149533	0.981651376146789	0.9895833333333334	0.9690721649484536	1.0	0.9903846153846154	0.9894736842105263	0.9739130434782609	0.9905660377358491
350000	0.9902912621359223	0.9893617021276596	1.0	0.9894736842105263	0.989010989010989	1.0	0.9803921568627451	1.0	0.981651376146789	0.97
351000	1.0	0.991304347826087	0.9801980198019802	1.0	0.981651376146789	0.9894736842105263	1.0	0.9903846153846154	0.9896907216494846	1.0
352000	1.0	1.0	0.9902912621359223	1.0	1.0	1.0	1.0	1.0	0.989247311827957	0.9770114942528736
353000	1.0	1.0	0.9904761904761905	0.9803921568627451	0.9891304347826086	0.99	1.0	1.0	0.9787234042553191	0.9912280701754386
354000	0.989247311827957	0.9743589743589743	0.9906542056074766	0.9803921568627451	0.9811320754716981	1.0	1.0	1.0	1.0	0.9787234042553191
355000	1.0	1.0	1.0	0.9893617021276596	1.0	0.9895833333333334	0.9904761904761905	1.0	1.0	0.9807692307692307
356000	0.9904761904761905	1.0	0.9722222222222222	1.0	1.0	0.989010989010989	1.0	1.0	1.0	0.9900990099009901
357000	0.975609756097561	1.0	1.0	1.0	0.99	0.9904761904761905	1.0	0.9907407407407407	1.0	0.9901960784313726
358000	1.0	0.9902912621359223	1.0	0.9885057471264368	1.0	0.9885057471264368	0.9896907216494846	1.0	0.9905660377358491	0.9886363636363636
359000	1.0	0.9894736842105263	1.0	0.9904761904761905	1.0	0.9901960784313726	1.0	0.978494623655914	1.0	0.99
360000	1.0	1.0	0.98989898989899	1.0	1.0	0.978494623655914	1.0	1.0	0.9900990099009901	1.0
361000	1.0	1.0	1.0	1.0	1.0	0.972972972972973	1.0	0.9904761904761905	1.0	1.0
362000	1.0	0.9767441860465116	1.0	1.0	0.9836065573770492	0.9904761904761905	1.0	1.0	1.0	1.0
363000	1.0	0.9888888888888889	1.0	0.9891304347826086	1.0	0.9891304347826086	1.0	1.0	1.0	1.0
364000	1.0	1.0	1.0	1.0	1.0	0.991304347826087	1.0	1.0	0.9905660377358491	0.9880952380952381
365000	1.0	1.0	0.9906542056074766	1.0	1.0	1.0	1.0	0.9801980198019802	1.0	1.0
366000	1.0	1.0	1.0	1.0	1.0	0.9885057471264368	0.9777777777777777	0.9902912621359223	0.98989898989899	0.978494623655914
367000	1.0	1.0	0.9811320754716981	1.0	1.0	1.0	1.0	0.9826086956521739	1.0	1.0
368000	0.9882352941176471	0.9886363636363636	1.0	1.0	0.981651376146789	0.9894736842105263	0.9895833333333334	0.9907407407407407	1.0	1.0
369000	0.99	1.0	0.9895833333333334	1.0	1.0	1.0	1.0	0.9895833333333334	1.0	1.0
370000	0.98	1.0	1.0	0.9894736842105263	1.0	0.9906542056074766	1.0	1.0	1.0	1.0
371000	0.9885057471264368	1.0	0.9883720930232558	0.9903846153846154	1.0	1.0	0.9888888888888889	1.0	1.0	1.0
372000	0.9896907216494846	1.0	0.968421052631579	0.99	0.9642857142857143	1.0	0.9897959183673469	0.9891304347826086	0.9903846153846154	1.0
373000	0.98989898989899	0.9904761904761905	0.9894736842105263	0.98989898989899	1.0	1.0	1.0	0.990990990990991	1.0	1.0
374000	1.0	0.967741935483871	1.0	0.9907407407407407	0.979381443298969	1.0	0.98989898989899	1.0	0.990990990990991	1.0
375000	0.9905660377358491	1.0	1.0	1.0	1.0	1.0	1.0	0.9915254237288136	1.0	1.0
376000	1.0	0.9902912621359223	1.0	1.0	1.0	0.9894736842105263	1.0	0.9782608695652174	1.0	1.0
377000	0.9736842105263158	1.0	0.9896907216494846	1.0	0.9711538461538461	0.9900990099009901	1.0	0.9900990099009901	0.9900990099009901	1.0
378000	1.0	1.0	1.0	1.0	1.0	1.0	1.0	1.0	1.0	1.0
379000	1.0	1.0	1.0	1.0	1.0	0.98989898989899	0.9910714285714286	1.0	1.0	0.9910714285714286
380000	0.9809523809523809	1.0	1.0	0.99	1.0	0.9888888888888889	0.9801980198019802	0.9908256880733946	0.9906542056074766	0.9900990099009901
381000	0.9903846153846154	1.0	1.0	0.9915254237288136	1.0	1.0	1.0	1.0	1.0	1.0
382000	1.0	1.0	0.98989898989899	0.990990990990991	1.0	0.9902912621359223	1.0	0.9807692307692307	1.0	1.0
383000	0.99	0.9726027397260274	1.0	1.0	1.0	1.0	1.0	0.9891304347826086	1.0	0.9903846153846154
384000	1.0	0.9905660377358491	0.9915254237288136	1.0	1.0	0.9908256880733946	1.0	1.0	0.9895833333333334	1.0
385000	0.9887640449438202	1.0	0.9883720930232558	1.0	1.0	0.9813084112149533	0.9814814814814815	1.0	1.0	0.9902912621359223
386000	1.0	1.0	1.0	0.9894736842105263	1.0	1.0	0.9876543209876543	0.99	0.991304347826087	1.0
387000	0.9895833333333334	1.0	0.9896907216494846	0.9891304347826086	1.0	1.0	1.0	1.0	1.0	0.990990990990991
388000	1.0	0.9885057471264368	0.9896907216494846	1.0	0.989247311827957	0.9914529914529915	1.0	1.0	0.99	1.0
389000	1.0	0.9897959183673469	1.0	1.0	1.0	1.0	1.0	0.9897959183673469	0.9897959183673469	0.9775280898876404
390000	0.9770114942528736	0.9903846153846154	0.9894736842105263	1.0	0.9897959183673469	0.9903846153846154	0.9705882352941176	1.0	0.9833333333333333	0.9811320754716981
391000	1.0	1.0	1.0	0.9886363636363636	0.9905660377358491	1.0	1.0	0.9886363636363636	1.0	1.0
392000	1.0	0.99	1.0	0.9894736842105263	0.9896907216494846	1.0	0.9902912621359223	1.0	0.990909090909091	0.9893617021276596
393000	0.989247311827957	1.0	0.990909090909091	0.9666666666666667	1.0	0.9918032786885246	0.9690721649484536	1.0	0.9587628865979382	1.0
394000	0.9878048780487805	0.9897959183673469	0.9911504424778761	1.0	0.9891304347826086	1.0	0.9896907216494846	1.0	0.978021978021978	0.981651376146789
395000	0.9826086956521739	0.9885057471264368	1.0	0.989010989010989	1.0	1.0	1.0	0.9906542056074766	0.9823008849557522	1.0
396000	1.0	1.0	1.0	0.9917355371900827	1.0	1.0	0.9902912621359223	1.0	0.991304347826087	1.0
397000	0.9902912621359223	0.9743589743589743	0.9905660377358491	1.0	1.0	0.9902912621359223	0.9903846153846154	0.9893617021276596	0.9827586206896551	1.0
398000	0.9904761904761905	0.979381443298969	0.992	0.98989898989899	0.9905660377358491	1.0	0.99	0.9655172413793104	0.9666666666666667	0.9891304347826086
399000	1.0	0.9696969696969697	1.0	0.9805825242718447	1.0	0.990990990990991	0.9907407407407407	0.9900990099009901	0.9900990099009901	0.9886363636363636
400000	0.9903846153846154	0.9885057471264368	0.990990990990991	1.0	0.990990990990991	1.0	1.0	0.978494623655914	0.9893617021276596	0.9911504424778761
401000	0.9782608695652174	0.9907407407407407	1.0	0.9711538461538461	0.9897959183673469	1.0	0.990990990990991	0.9897959183673469	0.9782608695652174	0.9807692307692307
402000	0.972972972972973	1.0	0.9787234042553191	0.9912280701754386	0.9893617021276596	0.9764705882352941	1.0	1.0	1.0	1.0
403000	0.9772727272727273	0.9795918367346939	1.0	1.0	0.9902912621359223	0.9719626168224299	1.0	1.0	0.981651376146789	0.9904761904761905
404000	1.0	1.0	1.0	1.0	0.9913793103448276	1.0	0.9824561403508771	1.0	0.9736842105263158	1.0
405000	0.9911504424778761	0.9896907216494846	1.0	0.9911504424778761	0.9805825242718447	0.9901960784313726	1.0	0.9885057471264368	0.9824561403508771	0.9896907216494846
406000	0.9908256880733946	0.989010989010989	0.9801980198019802	1.0	1.0	1.0	1.0	1.0	1.0	1.0
407000	0.9897959183673469	0.9894736842105263	1.0	1.0	1.0	0.9897959183673469	0.9897959183673469	1.0	0.9902912621359223	0.9904761904761905
408000	1.0	1.0	1.0	1.0	0.990990990990991	1.0	1.0	1.0	1.0	1.0
409000	1.0	1.0	0.9915254237288136	1.0	1.0	1.0	1.0	1.0	1.0	1.0
410000	1.0	0.9908256880733946	1.0	1.0	1.0	0.9795918367346939	1.0	1.0	1.0	1.0
411000	1.0	0.9772727272727273	1.0	1.0	1.0	0.9893617021276596	1.0	1.0	1.0	1.0
412000	1.0	0.9905660377358491	1.0	1.0	1.0	0.9901960784313726	1.0	0.9801980198019802	0.978021978021978	1.0
413000	1.0	1.0	1.0	1.0	1.0	1.0	0.9888888888888889	1.0	1.0	1.0
414000	1.0	1.0	0.9787234042553191	1.0	1.0	1.0	1.0	1.0	1.0	1.0
415000	1.0	0.9904761904761905	1.0	1.0	1.0	1.0	0.9903846153846154	1.0	1.0	1.0
416000	1.0	1.0	1.0	1.0	0.9891304347826086	1.0	0.9894736842105263	1.0	1.0	1.0
417000	1.0	1.0	1.0	0.9789473684210527	1.0	1.0	1.0	1.0	1.0	1.0
418000	0.9910714285714286	1.0	0.9782608695652174	0.991869918699187	0.9893617021276596	1.0	1.0	1.0	1.0	1.0
419000	1.0	1.0	0.9911504424778761	1.0	1.0	1.0	1.0	1.0	1.0	1.0
420000	1.0	1.0	0.9894736842105263	1.0	1.0	1.0	1.0	1.0	1.0	1.0
421000	1.0	1.0	1.0	1.0	1.0	1.0	1.0	1.0	1.0	1.0
422000	1.0	1.0	1.0	1.0	1.0	1.0	1.0	1.0	1.0	1.0
423000	0.9911504424778761	1.0	1.0	1.0	1.0	1.0	0.9891304347826086	1.0	1.0	1.0
424000	1.0	1.0	1.0	1.0	1.0	1.0	1.0	0.99	1.0	1.0
425000	1.0	1.0	1.0	1.0	1.0	1.0	1.0	1.0	1.0	1.0
426000	1.0	1.0	1.0	1.0	1.0	1.0	1.0	1.0	0.9916666666666667	1.0
427000	1.0	0.9903846153846154	1.0	1.0	0.9895833333333334	1.0	1.0	1.0	1.0	0.9904761904761905
428000	1.0	0.98989898989899	0.9920634920634921	1.0	1.0	1.0	1.0	1.0	1.0	1.0
429000	1.0	1.0	1.0	1.0	1.0	1.0	1.0	1.0	1.0	1.0
430000	1.0	1.0	1.0	1.0	1.0	1.0	0.9891304347826086	1.0	1.0	1.0
431000	0.9914529914529915	1.0	1.0	1.0	1.0	1.0	1.0	1.0	1.0	0.9894736842105263
432000	1.0	1.0	1.0	1.0	1.0	1.0	0.9887640449438202	1.0	1.0	1.0
433000	1.0	1.0	1.0	1.0	1.0	1.0	1.0	0.9894736842105263	1.0	1.0
434000	0.9906542056074766	1.0	1.0	1.0	1.0	1.0	0.989247311827957	1.0	1.0	1.0
435000	1.0	1.0	1.0	1.0	1.0	1.0	1.0	1.0	1.0	1.0
436000	1.0	1.0	1.0	1.0	1.0	1.0	1.0	1.0	1.0	1.0
437000	0.9896907216494846	1.0	1.0	0.9886363636363636	1.0	1.0	0.991304347826087	0.9914529914529915	1.0	1.0
438000	0.9829059829059829	1.0	0.990909090909091	1.0	0.9906542056074766	1.0	0.9886363636363636	1.0	1.0	1.0
439000	0.981651376146789	0.990990990990991	1.0	1.0	0.990909090909091	1.0	1.0	1.0	1.0	1.0
440000	1.0	1.0	1.0	1.0	0.9897959183673469	1.0	1.0	1.0	1.0	0.99
441000	0.9907407407407407	1.0	1.0	1.0	1.0	0.9911504424778761	0.9905660377358491	1.0	1.0	1.0
442000	1.0	1.0	1.0	1.0	1.0	1.0	1.0	0.991304347826087	0.9803921568627451	0.9893617021276596
443000	1.0	1.0	1.0	0.9901960784313726	1.0	1.0	0.989010989010989	1.0	0.9901960784313726	1.0
444000	1.0	1.0	1.0	0.9901960784313726	0.9903846153846154	1.0	1.0	0.9897959183673469	1.0	0.9900990099009901
445000	1.0	1.0	1.0	0.9904761904761905	1.0	1.0	1.0	1.0	1.0	1.0
446000	1.0	1.0	1.0	1.0	1.0	1.0	0.9905660377358491	1.0	1.0	1.0
447000	1.0	1.0	0.99	1.0	1.0	0.9896907216494846	1.0	1.0	1.0	0.9895833333333334
448000	1.0	1.0	0.9879518072289156	1.0	1.0	0.9911504424778761	1.0	1.0	1.0	1.0
449000	1.0	1.0	0.9764705882352941	1.0	0.9907407407407407	0.99	1.0	1.0	1.0	1.0
450000	1.0	0.990909090909091	0.9908256880733946	1.0	1.0	1.0	0.9818181818181818	1.0	1.0	0.9893617021276596
451000	1.0	1.0	0.98989898989899	1.0	0.99	0.9719626168224299	1.0	0.9807692307692307	1.0	1.0
452000	1.0	1.0	0.9746835443037974	1.0	1.0	1.0	1.0	1.0	1.0	1.0
453000	1.0	0.9893617021276596	0.9911504424778761	1.0	1.0	1.0	0.9809523809523809	1.0	1.0	1.0
454000	0.9891304347826086	1.0	1.0	1.0	1.0	1.0	1.0	0.989010989010989	0.989247311827957	1.0
455000	1.0	1.0	1.0	1.0	1.0	1.0	0.9905660377358491	1.0	0.9879518072289156	1.0
456000	1.0	1.0	1.0	1.0	0.9905660377358491	1.0	0.9801980198019802	1.0	1.0	1.0
457000	1.0	0.9897959183673469	1.0	1.0	0.9924242424242424	1.0	1.0	1.0	1.0	0.989010989010989
458000	1.0	1.0	0.989010989010989	1.0	0.9885057471264368	1.0	1.0	1.0	1.0	1.0
459000	1.0	1.0	1.0	1.0	0.9917355371900827	1.0	1.0	1.0	1.0	1.0
460000	1.0	1.0	1.0	1.0	0.9897959183673469	1.0	1.0	1.0	1.0	1.0
461000	1.0	1.0	1.0	0.990909090909091	1.0	1.0	1.0	1.0	1.0	1.0
462000	0.9906542056074766	1.0	1.0	0.9905660377358491	0.9782608695652174	0.9904761904761905	0.98989898989899	1.0	0.9901960784313726	0.9895833333333334
463000	1.0	1.0	0.9795918367346939	0.99	1.0	1.0	1.0	1.0	0.9902912621359223	0.9880952380952381
464000	1.0	1.0	1.0	1.0	1.0	0.990909090909091	1.0	0.98989898989899	1.0	1.0
465000	1.0	0.98	1.0	1.0	1.0	0.9814814814814815	0.9813084112149533	1.0	0.9894736842105263	1.0
466000	0.9886363636363636	1.0	0.9895833333333334	1.0	1.0	1.0	1.0	0.990990990990991	1.0	1.0
467000	1.0	1.0	1.0	0.989247311827957	1.0	1.0	1.0	1.0	0.9900990099009901	1.0
468000	1.0	1.0	1.0	1.0	0.9914529914529915	0.9893617021276596	1.0	1.0	0.990990990990991	1.0
469000	1.0	0.9905660377358491	1.0	1.0	1.0	1.0	1.0	0.9908256880733946	1.0	0.9905660377358491
470000	0.989247311827957	0.9891304347826086	0.9920634920634921	1.0	1.0	1.0	1.0	1.0	1.0	1.0
471000	1.0	1.0	1.0	1.0	0.99	0.9902912621359223	1.0	0.978494623655914	1.0	0.9900990099009901
472000	1.0	1.0	1.0	1.0	1.0	1.0	1.0	0.9811320754716981	1.0	1.0
473000	0.9897959183673469	0.9896907216494846	0.9907407407407407	1.0	1.0	1.0	1.0	0.9888888888888889	1.0	1.0
474000	0.9912280701754386	1.0	1.0	0.9887640449438202	1.0	0.9803921568627451	1.0	1.0	1.0	0.99
475000	0.9893617021276596	1.0	1.0	1.0	1.0	1.0	1.0	1.0	1.0	1.0
476000	0.9733333333333334	1.0	1.0	1.0	1.0	1.0	0.9904761904761905	0.984375	1.0	1.0
477000	1.0	1.0	1.0	1.0	1.0	1.0	1.0	1.0	1.0	0.9902912621359223
478000	1.0	1.0	1.0	1.0	0.9895833333333334	1.0	1.0	1.0	1.0	0.9896907216494846
479000	0.9896907216494846	1.0	0.9878048780487805	1.0	0.99	1.0	0.9814814814814815	1.0	1.0	1.0
480000	1.0	0.9911504424778761	1.0	1.0	0.9894736842105263	0.9897959183673469	1.0	0.9894736842105263	1.0	1.0
481000	1.0	1.0	1.0	0.990909090909091	1.0	1.0	1.0	1.0	1.0	1.0
482000	1.0	1.0	1.0	1.0	0.9891304347826086	0.9918032786885246	1.0	1.0	1.0	1.0
483000	1.0	0.9876543209876543	1.0	1.0	0.9918032786885246	1.0	1.0	1.0	1.0	1.0
484000	0.9901960784313726	1.0	0.9905660377358491	0.9893617021276596	1.0	1.0	0.98989898989899	1.0	1.0	1.0
485000	0.990990990990991	0.968421052631579	1.0	0.9797979797979798	1.0	1.0	1.0	0.9894736842105263	1.0	1.0
486000	1.0	1.0	1.0	0.9901960784313726	1.0	1.0	0.9907407407407407	0.9897959183673469	1.0	1.0
487000	0.9921875	0.9883720930232558	0.9882352941176471	1.0	0.9908256880733946	1.0	1.0	1.0	1.0	0.9902912621359223
488000	1.0	1.0	0.9777777777777777	1.0	1.0	1.0	0.9904761904761905	1.0	1.0	1.0
489000	1.0	1.0	0.9910714285714286	1.0	1.0	0.9903846153846154	1.0	1.0	1.0	1.0
490000	1.0	1.0	1.0	1.0	1.0	1.0	0.9903846153846154	1.0	1.0	0.9907407407407407
491000	1.0	1.0	1.0	1.0	0.990990990990991	1.0	1.0	1.0	1.0	0.9868421052631579
492000	1.0	0.9906542056074766	1.0	1.0	1.0	1.0	1.0	1.0	1.0	1.0
493000	0.9894736842105263	1.0	1.0	1.0	1.0	0.990990990990991	1.0	1.0	1.0	1.0
494000	1.0	1.0	1.0	1.0	1.0	1.0	1.0	1.0	1.0	0.9891304347826086
495000	1.0	1.0	1.0	1.0	1.0	1.0	1.0	1.0	1.0	1.0
496000	1.0	1.0	1.0	1.0	1.0	1.0	1.0	1.0	1.0	1.0
497000	1.0	1.0	1.0	1.0	1.0	1.0	1.0	1.0	1.0	1.0
498000	1.0	1.0	1.0	0.9912280701754386	1.0	1.0	1.0	1.0	1.0	1.0
499000	1.0	1.0	1.0	1.0	1.0	1.0	1.0	1.0	1.0	0.98989898989899
500000	1.0	1.0	1.0	1.0	1.0	1.0	1.0	1.0	1.0	1.0
501000	0.9900990099009901	1.0	1.0	1.0	1.0	1.0	1.0	1.0	1.0	1.0
502000	1.0	1.0	1.0	0.9905660377358491	1.0	1.0	1.0	1.0	0.99	1.0
503000	1.0	1.0	1.0	1.0	1.0	1.0	1.0	0.9903846153846154	1.0	1.0
504000	1.0	1.0	0.9894736842105263	0.9903846153846154	1.0	0.990990990990991	1.0	1.0	1.0	1.0
505000	1.0	1.0	1.0	1.0	1.0	1.0	1.0	1.0	1.0	1.0
506000	0.9915254237288136	1.0	0.989247311827957	1.0	1.0	1.0	1.0	1.0	1.0	0.9905660377358491
507000	1.0	1.0	1.0	0.991869918699187	1.0	1.0	1.0	1.0	0.9887640449438202	1.0
508000	1.0	1.0	1.0	1.0	1.0	1.0	0.99	1.0	1.0	1.0
509000	1.0	1.0	1.0	0.9882352941176471	1.0	1.0	1.0	1.0	1.0	0.989247311827957
510000	1.0	1.0	1.0	1.0	0.9900990099009901	1.0	0.9818181818181818	0.9887640449438202	1.0	1.0
511000	1.0	1.0	1.0	1.0	1.0	1.0	1.0	0.99	0.9887640449438202	0.9910714285714286
512000	1.0	1.0	1.0	1.0	1.0	0.9896907216494846	0.9907407407407407	0.9916666666666667	1.0	1.0
513000	1.0	1.0	1.0	1.0	1.0	0.9903846153846154	1.0	1.0	1.0	1.0
514000	1.0	0.9902912621359223	0.9647058823529412	1.0	1.0	1.0	1.0	1.0	0.9900990099009901	1.0
515000	1.0	0.9893617021276596	1.0	1.0	1.0	1.0	1.0	1.0	1.0	0.9807692307692307
516000	1.0	1.0	1.0	0.9864864864864865	0.9901960784313726	0.9900990099009901	1.0	1.0	1.0	1.0
517000	1.0	1.0	1.0	1.0	1.0	1.0	1.0	0.9896907216494846	1.0	1.0
518000	1.0	0.9905660377358491	1.0	1.0	1.0	0.990990990990991	1.0	0.9875	1.0	1.0
519000	1.0	0.9897959183673469	1.0	0.9915254237288136	0.975609756097561	1.0	1.0	1.0	1.0	1.0
520000	1.0	1.0	0.9886363636363636	1.0	0.9902912621359223	0.9797979797979798	1.0	1.0	1.0	1.0
521000	1.0	1.0	1.0	1.0	0.989010989010989	1.0	1.0	0.9911504424778761	1.0	0.9801980198019802
522000	1.0	0.991304347826087	1.0	1.0	1.0	0.9801980198019802	1.0	1.0	1.0	1.0
523000	1.0	0.9885057471264368	1.0	1.0	1.0	0.9897959183673469	1.0	0.9814814814814815	1.0	1.0
524000	1.0	1.0	1.0	1.0	1.0	1.0	1.0	1.0	1.0	1.0
525000	1.0	0.9888888888888889	0.9907407407407407	1.0	1.0	1.0	0.9891304347826086	1.0	1.0	1.0
526000	1.0	1.0	1.0	1.0	1.0	0.9901960784313726	1.0	1.0	0.9908256880733946	1.0
527000	1.0	1.0	0.9897959183673469	0.9895833333333334	0.9893617021276596	1.0	1.0	1.0	1.0	1.0
528000	1.0	1.0	0.9887640449438202	1.0	1.0	1.0	1.0	1.0	0.9928057553956835	1.0
529000	0.967741935483871	1.0	1.0	1.0	1.0	1.0	1.0	1.0	0.9900990099009901	1.0
530000	0.9902912621359223	1.0	1.0	1.0	1.0	1.0	1.0	0.9906542056074766	1.0	1.0
531000	0.990990990990991	1.0	1.0	1.0	0.98	1.0	1.0	0.9803921568627451	1.0	1.0
532000	1.0	0.99	0.9916666666666667	1.0	1.0	0.9888888888888889	0.9914529914529915	1.0	1.0	1.0
533000	1.0	0.9803921568627451	1.0	0.9893617021276596	1.0	1.0	1.0	1.0	1.0	0.991304347826087
534000	1.0	0.9791666666666666	0.9907407407407407	1.0	1.0	0.9711538461538461	0.989247311827957	1.0	1.0	0.978021978021978
535000	0.991304347826087	0.9903846153846154	1.0	1.0	1.0	1.0	1.0	0.9894736842105263	0.9826086956521739	1.0
536000	0.9714285714285714	1.0	0.9883720930232558	1.0	1.0	0.9905660377358491	1.0	1.0	1.0	0.9900990099009901
537000	1.0	1.0	0.990990990990991	0.9908256880733946	0.9795918367346939	1.0	1.0	1.0	1.0	0.9888888888888889
538000	1.0	0.9905660377358491	1.0	1.0	1.0	0.9824561403508771	1.0	1.0	1.0	0.9887640449438202
539000	0.9897959183673469	1.0	1.0	1.0	1.0	1.0	1.0	0.9904761904761905	1.0	1.0
540000	1.0	0.9902912621359223	0.9814814814814815	0.981651376146789	1.0	1.0	0.9896907216494846	0.989010989010989	1.0	1.0
541000	1.0	1.0	1.0	0.9902912621359223	1.0	0.989010989010989	1.0	0.978021978021978	1.0	0.989247311827957
542000	1.0	0.9903846153846154	0.981651376146789	0.9873417721518988	1.0	0.9904761904761905	1.0	0.9821428571428571	1.0	0.9896907216494846
543000	0.9836065573770492	0.9787234042553191	0.9907407407407407	1.0	1.0	1.0	0.9807692307692307	0.9908256880733946	1.0	1.0
544000	1.0	1.0	0.9902912621359223	1.0	0.9879518072289156	1.0	1.0	1.0	1.0	0.9893617021276596
545000	1.0	1.0	1.0	1.0	1.0	1.0	0.9905660377358491	0.9897959183673469	1.0	1.0
546000	1.0	1.0	0.9904761904761905	1.0	1.0	1.0	1.0	1.0	1.0	1.0
547000	1.0	1.0	1.0	1.0	0.9904761904761905	0.989247311827957	1.0	1.0	0.9875	1.0
548000	1.0	1.0	0.9888888888888889	1.0	1.0	0.9897959183673469	1.0	1.0	0.9809523809523809	1.0
549000	1.0	1.0	0.9900990099009901	0.9871794871794872	0.9811320754716981	1.0	1.0	1.0	1.0	0.9791666666666666
550000	0.9887640449438202	1.0	0.9680851063829787	1.0	0.9905660377358491	1.0	1.0	1.0	1.0	0.9907407407407407
551000	1.0	1.0	1.0	1.0	1.0	0.9777777777777777	0.989247311827957	0.989247311827957	0.9906542056074766	1.0
552000	1.0	1.0	1.0	1.0	1.0	0.9913793103448276	1.0	1.0	0.989010989010989	1.0
553000	1.0	1.0	1.0	1.0	1.0	0.990990990990991	0.9908256880733946	1.0	1.0	0.989247311827957
554000	0.9894736842105263	1.0	1.0	1.0	1.0	0.9891304347826086	1.0	0.9887640449438202	0.9883720930232558	1.0
555000	0.9887640449438202	0.98	0.9897959183673469	1.0	0.98989898989899	1.0	1.0	1.0	1.0	0.9819819819819819
556000	1.0	1.0	0.9908256880733946	0.9907407407407407	0.9882352941176471	1.0	1.0	1.0	1.0	1.0
557000	0.9895833333333334	1.0	1.0	1.0	1.0	0.9905660377358491	0.9807692307692307	1.0	0.979381443298969	1.0
558000	0.9879518072289156	1.0	1.0	0.9901960784313726	1.0	1.0	0.9891304347826086	0.9912280701754386	1.0	0.9905660377358491
559000	1.0	0.99	1.0	1.0	1.0	1.0	1.0	1.0	1.0	1.0
560000	1.0	1.0	1.0	1.0	0.9904761904761905	0.9893617021276596	1.0	1.0	1.0	1.0
561000	0.9883720930232558	1.0	1.0	1.0	1.0	1.0	1.0	1.0	1.0	0.990990990990991
562000	1.0	1.0	0.9805825242718447	1.0	0.990909090909091	0.9896907216494846	0.9905660377358491	1.0	0.9901960784313726	1.0
563000	0.9886363636363636	0.991304347826087	0.9895833333333334	0.9905660377358491	1.0	1.0	1.0	1.0	1.0	1.0
564000	0.9887640449438202	0.991304347826087	1.0	0.9888888888888889	1.0	1.0	1.0	0.98989898989899	1.0	0.9895833333333334
565000	1.0	1.0	1.0	1.0	0.9807692307692307	0.9911504424778761	0.9906542056074766	0.9886363636363636	1.0	1.0
566000	1.0	1.0	0.9886363636363636	0.9743589743589743	1.0	1.0	1.0	1.0	1.0	0.9905660377358491
567000	1.0	1.0	1.0	0.991304347826087	0.990990990990991	0.9896907216494846	1.0	1.0	1.0	1.0
568000	0.9897959183673469	1.0	1.0	1.0	0.9893617021276596	0.9902912621359223	0.98989898989899	1.0	1.0	1.0
569000	1.0	1.0	0.99	1.0	1.0	1.0	0.9811320754716981	1.0	1.0	1.0
570000	0.9905660377358491	1.0	1.0	1.0	1.0	1.0	0.9897959183673469	1.0	1.0	1.0
571000	1.0	1.0	0.9775280898876404	0.9897959183673469	1.0	0.9901960784313726	1.0	1.0	1.0	1.0
572000	1.0	1.0	0.9894736842105263	1.0	1.0	0.9911504424778761	1.0	1.0	1.0	1.0
573000	0.9791666666666666	1.0	1.0	1.0	1.0	1.0	1.0	1.0	0.9893617021276596	1.0
574000	1.0	1.0	1.0	1.0	0.9914529914529915	1.0	1.0	0.9901960784313726	1.0	1.0
575000	1.0	1.0	1.0	1.0	1.0	0.990909090909091	1.0	1.0	0.991304347826087	1.0
576000	1.0	0.9904761904761905	0.9896907216494846	1.0	1.0	1.0	0.9888888888888889	1.0	1.0	1.0
577000	1.0	0.99	1.0	1.0	0.9883720930232558	1.0	1.0	1.0	1.0	0.9900990099009901
578000	0.9888888888888889	0.989247311827957	1.0	1.0	0.9805825242718447	1.0	1.0	0.9903846153846154	1.0	1.0
579000	0.9895833333333334	1.0	1.0	1.0	1.0	1.0	1.0	0.9891304347826086	1.0	1.0
580000	1.0	1.0	1.0	1.0	1.0	1.0	1.0	1.0	1.0	1.0
581000	1.0	1.0	1.0	1.0	1.0	1.0	1.0	1.0	1.0	1.0
582000	1.0	1.0	1.0	1.0	1.0	1.0	1.0	0.9903846153846154	0.9901960784313726	1.0
583000	0.9891304347826086	1.0	1.0	1.0	1.0	1.0	1.0	1.0	1.0	1.0
584000	0.9910714285714286	1.0	1.0	1.0	1.0	1.0	1.0	1.0	1.0	1.0
585000	1.0	1.0	1.0	1.0	1.0	1.0	1.0	1.0	1.0	1.0
586000	1.0	0.9876543209876543	1.0	1.0	1.0	1.0	1.0	0.9894736842105263	1.0	1.0
587000	1.0	1.0	1.0	0.98989898989899	1.0	1.0	1.0	1.0	1.0	1.0
588000	1.0	0.989010989010989	1.0	1.0	1.0	1.0	1.0	1.0	1.0	1.0
589000	1.0	0.990990990990991	1.0	1.0	1.0	1.0	1.0	1.0	1.0	1.0
590000	0.990909090909091	1.0	1.0	1.0	1.0	1.0	1.0	1.0	1.0	0.9873417721518988
591000	1.0	1.0	1.0	1.0	1.0	1.0	1.0	0.9814814814814815	1.0	0.987012987012987
592000	1.0	1.0	1.0	1.0	1.0	0.9787234042553191	1.0	0.9887640449438202	1.0	1.0
593000	1.0	1.0	1.0	0.990909090909091	1.0	1.0	0.9902912621359223	1.0	1.0	1.0
594000	0.9891304347826086	1.0	1.0	1.0	1.0	1.0	1.0	0.9910714285714286	1.0	1.0
595000	1.0	1.0	1.0	1.0	1.0	0.9903846153846154	1.0	1.0	1.0	1.0
596000	1.0	1.0	1.0	1.0	1.0	1.0	1.0	0.9903846153846154	1.0	0.991304347826087
597000	1.0	1.0	1.0	1.0	1.0	1.0	1.0	1.0	1.0	1.0
598000	0.9902912621359223	1.0	1.0	1.0	1.0	1.0	1.0	1.0	1.0	1.0
599000	1.0	1.0	1.0	1.0	1.0	1.0	1.0	1.0	1.0	0.989010989010989
600000	1.0	1.0	1.0	0.9900990099009901	1.0	1.0	1.0	1.0	1.0	1.0
601000	1.0	1.0	1.0	1.0	1.0	1.0	1.0	1.0	1.0	1.0
602000	1.0	1.0	0.9904761904761905	1.0	1.0	1.0	0.9893617021276596	1.0	1.0	0.989010989010989
603000	1.0	1.0	1.0	1.0	1.0	1.0	1.0	1.0	1.0	0.9882352941176471
604000	1.0	0.9901960784313726	1.0	1.0	1.0	1.0	1.0	1.0	1.0	1.0
605000	1.0	1.0	1.0	1.0	0.98989898989899	1.0	1.0	1.0	1.0	1.0
606000	0.9893617021276596	1.0	1.0	1.0	0.9894736842105263	1.0	1.0	1.0	0.9880952380952381	0.98989898989899
607000	1.0	1.0	0.990909090909091	1.0	1.0	1.0	1.0	0.9901960784313726	1.0	1.0
608000	0.9882352941176471	0.9895833333333334	1.0	0.9900990099009901	1.0	1.0	1.0	0.9895833333333334	1.0	1.0
609000	1.0	1.0	1.0	1.0	1.0	1.0	0.9901960784313726	0.9777777777777777	0.9887640449438202	0.9775280898876404
610000	0.9901960784313726	1.0	1.0	1.0	1.0	1.0	1.0	1.0	1.0	1.0
611000	1.0	1.0	1.0	0.9911504424778761	1.0	1.0	1.0	0.9912280701754386	1.0	1.0
612000	1.0	1.0	0.9907407407407407	1.0	1.0	0.9897959183673469	1.0	0.9880952380952381	1.0	1.0
613000	0.9901960784313726	1.0	1.0	0.9913793103448276	0.9915966386554622	0.9777777777777777	1.0	1.0	1.0	1.0
614000	1.0	1.0	1.0	0.9803921568627451	1.0	1.0	1.0	1.0	1.0	0.9900990099009901
615000	0.9896907216494846	1.0	1.0	1.0	1.0	1.0	1.0	1.0	1.0	1.0
616000	1.0	0.9897959183673469	1.0	1.0	1.0	1.0	1.0	1.0	0.98989898989899	1.0
617000	0.981651376146789	1.0	1.0	1.0	1.0	1.0	0.990990990990991	0.9903846153846154	1.0	1.0
618000	0.975	1.0	0.979381443298969	1.0	1.0	1.0	0.9893617021276596	1.0	0.9879518072289156	1.0
619000	1.0	1.0	1.0	0.9904761904761905	1.0	0.99	0.9905660377358491	1.0	1.0	1.0
620000	1.0	1.0	1.0	1.0	1.0	1.0	1.0	0.9911504424778761	1.0	1.0
621000	1.0	0.9891304347826086	1.0	1.0	0.9879518072289156	1.0	1.0	1.0	1.0	1.0
622000	1.0	1.0	0.989247311827957	0.9897959183673469	0.9880952380952381	0.9897959183673469	0.98989898989899	1.0	1.0	0.9887640449438202
623000	0.9906542056074766	0.990909090909091	0.9811320754716981	0.9896907216494846	1.0	1.0	0.989010989010989	1.0	1.0	0.9826086956521739
624000	1.0	1.0	0.9876543209876543	0.990990990990991	1.0	1.0	0.99	1.0	0.9907407407407407	0.9893617021276596
625000	1.0	0.9904761904761905	1.0	1.0	0.9902912621359223	1.0	1.0	1.0	1.0	0.9907407407407407
626000	1.0	1.0	0.9906542056074766	0.9893617021276596	1.0	1.0	1.0	1.0	0.9903846153846154	1.0
627000	0.99	1.0	1.0	1.0	1.0	0.9901960784313726	1.0	1.0	1.0	1.0
628000	1.0	1.0	1.0	0.9908256880733946	1.0	1.0	0.9907407407407407	1.0	1.0	0.9834710743801653
629000	1.0	1.0	0.9905660377358491	0.967391304347826	1.0	1.0	0.9900990099009901	0.9772727272727273	0.991304347826087	1.0
630000	1.0	1.0	0.9903846153846154	1.0	0.99	1.0	1.0	1.0	1.0	1.0
631000	0.98	1.0	1.0	0.9887640449438202	1.0	1.0	1.0	1.0	0.9907407407407407	1.0
632000	0.9897959183673469	0.9885057471264368	1.0	1.0	1.0	0.9680851063829787	0.9764705882352941	1.0	1.0	0.9901960784313726
633000	0.990990990990991	1.0	1.0	0.98989898989899	0.9903846153846154	1.0	1.0	0.99	1.0	0.9915254237288136
634000	1.0	1.0	0.99	1.0	0.99	1.0	1.0	1.0	1.0	0.9886363636363636
635000	1.0	1.0	1.0	0.9819819819819819	1.0	1.0	1.0	1.0	1.0	0.9906542056074766
636000	0.9882352941176471	0.9895833333333334	0.9908256880733946	0.9908256880733946	0.99	0.9797979797979798	1.0	1.0	0.9895833333333334	1.0
637000	0.9896907216494846	0.989247311827957	0.9894736842105263	1.0	0.9894736842105263	0.9883720930232558	0.9918032786885246	1.0	1.0	0.9811320754716981
638000	1.0	0.9912280701754386	1.0	1.0	1.0	1.0	1.0	1.0	1.0	1.0
639000	1.0	0.9916666666666667	1.0	1.0	1.0	1.0	1.0	1.0	0.9902912621359223	1.0
640000	1.0	1.0	1.0	1.0	1.0	1.0	1.0	1.0	1.0	1.0
641000	1.0	1.0	1.0	1.0	0.9906542056074766	1.0	1.0	1.0	1.0	0.9891304347826086
642000	1.0	1.0	0.9916666666666667	1.0	1.0	1.0	1.0	1.0	0.9900990099009901	1.0
643000	1.0	1.0	0.9900990099009901	1.0	1.0	0.9906542056074766	1.0	1.0	0.9803921568627451	0.9895833333333334
644000	1.0	0.9887640449438202	1.0	1.0	1.0	1.0	1.0	1.0	1.0	1.0
645000	1.0	1.0	1.0	1.0	1.0	0.9906542056074766	1.0	1.0	0.9782608695652174	1.0
646000	1.0	1.0	1.0	1.0	1.0	1.0	1.0	1.0	1.0	0.9910714285714286
647000	0.9864864864864865	1.0	1.0	1.0	1.0	1.0	1.0	1.0	1.0	1.0
648000	1.0	1.0	1.0	1.0	1.0	1.0	1.0	1.0	1.0	1.0
649000	1.0	1.0	1.0	1.0	1.0	1.0	1.0	0.9896907216494846	1.0	1.0
650000	1.0	1.0	1.0	1.0	1.0	0.9903846153846154	1.0	0.9811320754716981	1.0	1.0
651000	0.989010989010989	1.0	1.0	1.0	1.0	1.0	1.0	1.0	1.0	1.0
652000	1.0	1.0	1.0	1.0	1.0	1.0	1.0	1.0	0.9900990099009901	1.0
653000	1.0	1.0	1.0	1.0	1.0	1.0	1.0	1.0	1.0	1.0
654000	1.0	0.9903846153846154	1.0	1.0	1.0	0.9895833333333334	1.0	1.0	1.0	1.0
655000	0.9791666666666666	1.0	1.0	0.9917355371900827	0.9894736842105263	1.0	1.0	1.0	1.0	0.989010989010989
656000	0.9642857142857143	1.0	1.0	0.9903846153846154	0.99	1.0	0.9895833333333334	1.0	1.0	1.0
657000	1.0	0.9896907216494846	1.0	1.0	1.0	0.99	1.0	1.0	1.0	1.0
658000	1.0	0.9805825242718447	1.0	1.0	1.0	1.0	1.0	1.0	1.0	0.9891304347826086
659000	1.0	1.0	1.0	1.0	1.0	1.0	1.0	1.0	1.0	1.0
660000	1.0	1.0	1.0	0.9905660377358491	1.0	1.0	1.0	0.9895833333333334	1.0	1.0
661000	0.9894736842105263	1.0	1.0	1.0	1.0	1.0	0.98989898989899	1.0	1.0	1.0
662000	0.979381443298969	1.0	1.0	0.9897959183673469	1.0	0.9902912621359223	0.9896907216494846	1.0	0.98989898989899	1.0
663000	1.0	1.0	1.0	0.978021978021978	1.0	1.0	1.0	1.0	1.0	1.0
664000	1.0	1.0	1.0	1.0	0.9823008849557522	1.0	1.0	1.0	0.978021978021978	1.0
665000	1.0	1.0	1.0	0.9873417721518988	0.9908256880733946	0.9903846153846154	1.0	1.0	0.9906542056074766	0.9910714285714286
666000	1.0	0.9826086956521739	1.0	0.9883720930232558	1.0	1.0	1.0	0.9895833333333334	1.0	1.0
667000	0.9885057471264368	1.0	1.0	1.0	1.0	0.990990990990991	1.0	1.0	1.0	0.967032967032967
668000	1.0	0.9895833333333334	1.0	1.0	0.9919354838709677	1.0	1.0	1.0	0.99	1.0
669000	1.0	1.0	0.9887640449438202	0.9902912621359223	1.0	1.0	0.9893617021276596	1.0	1.0	1.0
670000	1.0	1.0	1.0	1.0	1.0	0.9897959183673469	1.0	1.0	1.0	1.0
671000	1.0	1.0	1.0	1.0	1.0	1.0	1.0	1.0	1.0	1.0
672000	0.99	1.0	1.0	1.0	1.0	1.0	0.9912280701754386	0.989247311827957	1.0	0.9878048780487805
673000	1.0	1.0	1.0	1.0	1.0	1.0	1.0	1.0	1.0	1.0
674000	1.0	1.0	1.0	1.0	0.98989898989899	0.9895833333333334	1.0	1.0	0.9772727272727273	1.0
675000	1.0	0.9910714285714286	1.0	1.0	1.0	1.0	1.0	0.9875	1.0	1.0
676000	1.0	0.9887640449438202	1.0	0.9878048780487805	1.0	1.0	1.0	1.0	1.0	1.0
677000	1.0	1.0	1.0	1.0	1.0	1.0	0.9883720930232558	1.0	1.0	1.0
678000	1.0	1.0	1.0	0.99	1.0	1.0	1.0	1.0	1.0	1.0
679000	1.0	1.0	0.9878048780487805	1.0	0.9902912621359223	1.0	0.9897959183673469	1.0	1.0	1.0
680000	0.99	1.0	1.0	0.9904761904761905	1.0	1.0	0.9902912621359223	1.0	1.0	1.0
681000	1.0	0.9907407407407407	1.0	1.0	1.0	1.0	1.0	1.0	1.0	1.0
682000	0.981651376146789	1.0	1.0	0.9903846153846154	1.0	1.0	1.0	0.978494623655914	1.0	1.0
683000	1.0	1.0	1.0	0.9901960784313726	0.9795918367346939	1.0	1.0	1.0	0.9895833333333334	1.0
684000	1.0	1.0	0.990909090909091	1.0	1.0	0.99	1.0	0.98989898989899	0.9911504424778761	1.0
685000	1.0	1.0	1.0	1.0	0.9797979797979798	1.0	1.0	1.0	1.0	1.0
686000	1.0	1.0	1.0	1.0	1.0	1.0	1.0	1.0	1.0	1.0
687000	1.0	0.9908256880733946	1.0	0.9886363636363636	1.0	1.0	1.0	1.0	1.0	1.0
688000	1.0	1.0	1.0	0.98989898989899	1.0	0.9896907216494846	1.0	1.0	1.0	1.0
689000	0.9901960784313726	1.0	0.9907407407407407	1.0	1.0	0.9887640449438202	1.0	1.0	1.0	1.0
690000	1.0	0.992	1.0	1.0	1.0	1.0	1.0	0.9895833333333334	1.0	1.0
691000	0.9908256880733946	0.9901960784313726	1.0	1.0	1.0	1.0	1.0	1.0	1.0	1.0
692000	1.0	1.0	1.0	1.0	1.0	1.0	1.0	0.9891304347826086	1.0	1.0
693000	0.9893617021276596	1.0	0.98989898989899	1.0	1.0	1.0	1.0	1.0	1.0	0.9913793103448276
694000	1.0	1.0	1.0	1.0	0.9893617021276596	1.0	1.0	1.0	1.0	1.0
695000	0.98989898989899	1.0	1.0	1.0	0.9818181818181818	1.0	1.0	1.0	1.0	1.0
696000	1.0	0.9887640449438202	0.9897959183673469	1.0	1.0	1.0	0.9904761904761905	0.989010989010989	1.0	0.9876543209876543
697000	1.0	1.0	1.0	1.0	0.9908256880733946	0.9894736842105263	0.9901960784313726	0.9895833333333334	0.9801980198019802	1.0
698000	0.98989898989899	1.0	0.9807692307692307	1.0	1.0	1.0	1.0	1.0	0.98989898989899	1.0
699000	1.0	0.9811320754716981	1.0	1.0	0.989010989010989	1.0	1.0	1.0	1.0	1.0
700000	0.9905660377358491	1.0	1.0	1.0	1.0	1.0	1.0	1.0	1.0	1.0
701000	1.0	1.0	0.9904761904761905	1.0	1.0	1.0	0.9809523809523809	0.9904761904761905	1.0	1.0
702000	1.0	1.0	1.0	1.0	1.0	1.0	0.9895833333333334	1.0	1.0	0.9894736842105263
703000	1.0	1.0	1.0	1.0	1.0	1.0	1.0	1.0	1.0	1.0
704000	0.9905660377358491	1.0	0.98989898989899	0.9647058823529412	1.0	1.0	1.0	1.0	1.0	1.0
705000	1.0	1.0	1.0	0.9759036144578314	1.0	1.0	0.9821428571428571	0.9905660377358491	1.0	0.989010989010989
706000	1.0	1.0	0.9789473684210527	0.9823008849557522	1.0	1.0	0.9787234042553191	0.9912280701754386	1.0	1.0
707000	1.0	1.0	0.9894736842105263	1.0	0.9893617021276596	1.0	1.0	1.0	1.0	1.0
708000	0.9896907216494846	0.9895833333333334	1.0	1.0	1.0	1.0	1.0	0.9922480620155039	1.0	1.0
709000	1.0	0.9915966386554622	1.0	1.0	1.0	1.0	1.0	0.9882352941176471	1.0	0.9719626168224299
710000	1.0	1.0	0.98	1.0	1.0	0.9764705882352941	1.0	1.0	1.0	1.0
711000	1.0	1.0	1.0	1.0	1.0	1.0	0.99	1.0	1.0	1.0
712000	1.0	1.0	0.9901960784313726	0.9883720930232558	1.0	1.0	1.0	1.0	1.0	1.0
713000	1.0	0.9883720930232558	1.0	1.0	1.0	0.9895833333333334	1.0	0.9914529914529915	1.0	1.0
714000	1.0	1.0	1.0	1.0	1.0	1.0	1.0	0.9895833333333334	1.0	1.0
715000	1.0	0.9885057471264368	1.0	1.0	1.0	1.0	1.0	0.9764705882352941	1.0	0.990990990990991
716000	0.979381443298969	1.0	1.0	0.9878048780487805	0.979381443298969	1.0	1.0	1.0	1.0	1.0
717000	1.0	0.9905660377358491	0.9902912621359223	0.9883720930232558	1.0	1.0	0.990990990990991	0.9912280701754386	1.0	1.0
718000	1.0	0.9888888888888889	1.0	1.0	1.0	0.9912280701754386	1.0	1.0	0.98989898989899	0.990909090909091
719000	1.0	1.0	0.9876543209876543	1.0	1.0	1.0	1.0	1.0	1.0	1.0
720000	0.9893617021276596	1.0	1.0	1.0	0.9615384615384616	1.0	1.0	1.0	1.0	0.9809523809523809
721000	0.9901960784313726	0.98989898989899	1.0	0.9908256880733946	1.0	0.9895833333333334	1.0	0.9903846153846154	0.990990990990991	0.989010989010989
722000	1.0	1.0	1.0	0.9879518072289156	1.0	1.0	1.0	0.9893617021276596	0.9895833333333334	0.9895833333333334
723000	0.9906542056074766	0.9880952380952381	1.0	1.0	1.0	0.9906542056074766	1.0	1.0	0.9900990099009901	1.0
724000	0.978494623655914	1.0	1.0	1.0	1.0	0.9895833333333334	0.9904761904761905	1.0	0.9908256880733946	0.9911504424778761
725000	0.9896907216494846	0.9834710743801653	1.0	1.0	1.0	1.0	1.0	1.0	1.0	1.0
726000	0.9894736842105263	1.0	1.0	0.9772727272727273	1.0	1.0	0.9907407407407407	1.0	0.9883720930232558	0.9905660377358491
727000	0.989247311827957	1.0	0.9824561403508771	1.0	0.9912280701754386	1.0	0.9908256880733946	0.9887640449438202	0.979381443298969	0.9887640449438202
728000	0.9896907216494846	0.9897959183673469	1.0	0.9903846153846154	1.0	0.9902912621359223	1.0	1.0	0.9900990099009901	0.9910714285714286
729000	1.0	1.0	1.0	1.0	0.979381443298969	1.0	0.9891304347826086	0.9894736842105263	1.0	1.0
730000	1.0	1.0	0.98989898989899	1.0	1.0	1.0	0.9907407407407407	1.0	1.0	0.9893617021276596
731000	0.9873417721518988	0.9795918367346939	0.9903846153846154	1.0	0.9912280701754386	1.0	0.9903846153846154	0.99	1.0	1.0
732000	1.0	0.990990990990991	0.9901960784313726	0.991304347826087	1.0	0.9894736842105263	0.978494623655914	1.0	0.9905660377358491	0.9886363636363636
733000	0.9903846153846154	1.0	0.9702970297029703	1.0	0.9775280898876404	1.0	1.0	0.9905660377358491	0.989247311827957	0.9911504424778761
734000	0.9805825242718447	1.0	0.9823008849557522	0.989247311827957	0.989247311827957	0.9894736842105263	1.0	0.9903846153846154	1.0	0.9905660377358491
735000	1.0	0.9787234042553191	1.0	1.0	0.9901960784313726	0.9809523809523809	0.9811320754716981	0.9902912621359223	0.989247311827957	0.9903846153846154
736000	1.0	1.0	0.9905660377358491	0.9903846153846154	0.979381443298969	1.0	0.9911504424778761	1.0	0.9907407407407407	1.0
737000	0.9905660377358491	0.99	0.9801980198019802	0.989010989010989	0.9895833333333334	0.9902912621359223	1.0	0.9915254237288136	0.978021978021978	0.9903846153846154
738000	0.9787234042553191	1.0	0.98989898989899	0.9894736842105263	1.0	0.9885057471264368	0.9876543209876543	1.0	0.990909090909091	0.9914529914529915
739000	1.0	0.989010989010989	0.978021978021978	1.0	1.0	1.0	0.9896907216494846	1.0	0.97	1.0
740000	0.9900990099009901	1.0	1.0	0.9908256880733946	0.9883720930232558	1.0	0.9911504424778761	0.9878048780487805	1.0	1.0
741000	0.9900990099009901	1.0	1.0	1.0	0.9893617021276596	0.9787234042553191	0.9915966386554622	1.0	0.9885057471264368	0.9906542056074766
742000	0.9895833333333334	0.9809523809523809	0.9896907216494846	0.9809523809523809	1.0	0.9795918367346939	1.0	0.9897959183673469	0.9907407407407407	0.9900990099009901
743000	0.9896907216494846	1.0	0.9908256880733946	0.9795918367346939	0.98989898989899	0.9896907216494846	0.9787234042553191	0.9905660377358491	1.0	0.99
744000	0.9772727272727273	0.9824561403508771	1.0	0.9801980198019802	1.0	1.0	0.9813084112149533	1.0	0.9900990099009901	1.0
745000	1.0	1.0	1.0	0.9888888888888889	1.0	0.9900990099009901	0.9901960784313726	1.0	1.0	1.0
746000	0.978021978021978	1.0	0.9813084112149533	1.0	1.0	1.0	0.9912280701754386	0.9883720930232558	1.0	0.9897959183673469
747000	0.98989898989899	0.98989898989899	1.0	0.981651376146789	0.99	0.9900990099009901	1.0	0.9782608695652174	1.0	1.0
748000	0.9900990099009901	0.9894736842105263	1.0	0.979381443298969	0.9696969696969697	1.0	1.0	1.0	0.9906542056074766	0.9888888888888889
749000	1.0	0.9775280898876404	1.0	1.0	1.0	1.0	0.9915966386554622	1.0	1.0	0.9906542056074766
750000	0.9904761904761905	0.989010989010989	1.0	1.0	0.9913793103448276	1.0	1.0	0.98989898989899	0.9886363636363636	0.9896907216494846
751000	1.0	1.0	1.0	1.0	0.9905660377358491	1.0	1.0	0.9875	1.0	1.0
752000	0.9895833333333334	1.0	1.0	1.0	1.0	1.0	0.9814814814814815	1.0	1.0	1.0
753000	0.9903846153846154	1.0	1.0	1.0	1.0	1.0	0.9896907216494846	1.0	0.99	1.0
754000	0.98989898989899	0.9897959183673469	1.0	0.9906542056074766	0.9883720930232558	0.9833333333333333	0.9901960784313726	1.0	0.989010989010989	1.0
755000	1.0	1.0	1.0	1.0	1.0	0.9896907216494846	1.0	0.9819819819819819	0.9814814814814815	0.9791666666666666
756000	0.9824561403508771	0.9787234042553191	1.0	1.0	0.9895833333333334	1.0	1.0	0.9910714285714286	1.0	1.0
757000	1.0	1.0	1.0	1.0	1.0	1.0	1.0	0.9896907216494846	0.9836065573770492	1.0
758000	1.0	0.9882352941176471	1.0	0.9603960396039604	0.9719626168224299	0.9734513274336283	1.0	0.990990990990991	0.9903846153846154	0.9912280701754386
759000	0.9913793103448276	0.9764705882352941	1.0	1.0	0.9826086956521739	0.9787234042553191	0.9807692307692307	0.9819819819819819	1.0	1.0
760000	1.0	0.9696969696969697	1.0	0.9809523809523809	0.967391304347826	0.9900990099009901	0.9809523809523809	0.989247311827957	0.991304347826087	0.9795918367346939
761000	0.9777777777777777	1.0	0.9821428571428571	0.9821428571428571	1.0	1.0	0.978021978021978	1.0	0.9894736842105263	0.9791666666666666
762000	0.9807692307692307	0.9902912621359223	1.0	1.0	1.0	1.0	1.0	1.0	0.9901960784313726	1.0
763000	1.0	1.0	1.0	1.0	0.9894736842105263	0.9894736842105263	0.9777777777777777	1.0	0.9882352941176471	0.9629629629629629
764000	0.968421052631579	1.0	0.9910714285714286	0.9920634920634921	1.0	1.0	1.0	0.989247311827957	1.0	0.9885057471264368
765000	0.9782608695652174	1.0	0.9905660377358491	1.0	1.0	0.98989898989899	1.0	0.9900990099009901	1.0	1.0
766000	0.99	1.0	1.0	0.9891304347826086	0.9819819819819819	1.0	1.0	0.9880952380952381	1.0	1.0
767000	0.9791666666666666	1.0	1.0	0.9805825242718447	1.0	1.0	0.98989898989899	0.9897959183673469	1.0	0.9801980198019802
768000	0.9714285714285714	1.0	1.0	1.0	1.0	1.0	0.9764705882352941	1.0	0.9903846153846154	0.991304347826087
769000	1.0	0.9907407407407407	0.9897959183673469	0.991304347826087	1.0	0.9878048780487805	0.9911504424778761	1.0	0.9803921568627451	0.99
770000	1.0	0.9910714285714286	0.9906542056074766	0.9826086956521739	1.0	1.0	1.0	0.9886363636363636	0.9897959183673469	1.0
771000	1.0	0.9821428571428571	1.0	0.989247311827957	0.9905660377358491	1.0	1.0	1.0	0.9902912621359223	0.9897959183673469
772000	0.9888888888888889	0.974025974025974	1.0	1.0	0.9905660377358491	0.9906542056074766	0.9908256880733946	0.979381443298969	1.0	1.0
773000	0.9532710280373832	0.9895833333333334	1.0	0.9871794871794872	1.0	0.9902912621359223	0.9702970297029703	0.990990990990991	1.0	0.991869918699187
774000	0.981651376146789	1.0	0.9702970297029703	1.0	1.0	0.9887640449438202	0.9813084112149533	1.0	0.9811320754716981	1.0
775000	0.9813084112149533	1.0	0.9894736842105263	1.0	1.0	0.98989898989899	0.9918032786885246	0.9705882352941176	0.978021978021978	1.0
776000	1.0	0.9906542056074766	1.0	0.98989898989899	1.0	1.0	1.0	0.9797979797979798	1.0	1.0
777000	1.0	0.9791666666666666	0.9797979797979798	1.0	0.9907407407407407	1.0	1.0	0.9895833333333334	0.9809523809523809	1.0
778000	1.0	1.0	0.9777777777777777	0.9904761904761905	1.0	1.0	0.991304347826087	1.0	1.0	0.9906542056074766
779000	1.0	1.0	1.0	0.9905660377358491	0.9805825242718447	0.9886363636363636	1.0	0.9905660377358491	0.9894736842105263	1.0
780000	1.0	1.0	0.9895833333333334	1.0	0.9818181818181818	0.9896907216494846	1.0	0.99	0.9914529914529915	0.9893617021276596
781000	0.9896907216494846	0.9911504424778761	1.0	1.0	1.0	0.9826086956521739	1.0	0.9894736842105263	1.0	0.9907407407407407
782000	0.9809523809523809	1.0	0.9797979797979798	0.98989898989899	0.981651376146789	0.9809523809523809	0.9603960396039604	1.0	1.0	1.0
783000	0.9775280898876404	1.0	1.0	1.0	0.9878048780487805	1.0	1.0	0.9666666666666667	1.0	0.9902912621359223
784000	1.0	0.9905660377358491	1.0	1.0	1.0	1.0	1.0	1.0	0.981651376146789	1.0
785000	0.9895833333333334	1.0	1.0	0.9888888888888889	1.0	1.0	0.9903846153846154	1.0	0.9827586206896551	1.0
786000	0.990909090909091	0.9888888888888889	1.0	0.9833333333333333	0.978494623655914	1.0	0.9886363636363636	0.9727272727272728	1.0	1.0
787000	0.989010989010989	1.0	0.9915254237288136	1.0	1.0	1.0	0.9746835443037974	0.9903846153846154	1.0	0.9803921568627451
788000	1.0	0.9893617021276596	1.0	1.0	0.9895833333333334	1.0	1.0	0.9895833333333334	0.990909090909091	0.9903846153846154
789000	1.0	1.0	1.0	0.9896907216494846	0.9895833333333334	1.0	1.0	1.0	1.0	0.9885057471264368
790000	1.0	1.0	0.9897959183673469	0.9894736842105263	1.0	1.0	0.99	1.0	1.0	1.0
791000	1.0	0.9901960784313726	0.9903846153846154	1.0	1.0	1.0	1.0	1.0	1.0	0.9904761904761905
792000	1.0	0.9896907216494846	1.0	1.0	0.9893617021276596	0.9880952380952381	1.0	0.9904761904761905	1.0	0.9921259842519685
793000	1.0	1.0	1.0	1.0	1.0	1.0	1.0	0.9917355371900827	1.0	0.9883720930232558
794000	0.9901960784313726	1.0	0.9894736842105263	1.0	0.9809523809523809	1.0	1.0	1.0	1.0	0.9705882352941176
795000	1.0	0.9910714285714286	0.9893617021276596	1.0	1.0	1.0	1.0	1.0	1.0	0.9693877551020408
796000	1.0	0.9895833333333334	1.0	1.0	1.0	1.0	0.9893617021276596	0.990990990990991	0.9906542056074766	1.0
797000	0.9906542056074766	1.0	1.0	1.0	1.0	1.0	1.0	1.0	1.0	0.975
798000	1.0	0.9894736842105263	0.9904761904761905	1.0	1.0	0.9813084112149533	1.0	1.0	1.0	1.0
799000	0.9910714285714286	1.0	1.0	1.0	0.9880952380952381	1.0	1.0	1.0	1.0	1.0
800000	1.0	1.0	0.989010989010989	1.0	0.9896907216494846	0.9795918367346939	0.99	1.0	0.9903846153846154	1.0
801000	1.0	0.9895833333333334	1.0	1.0	0.990990990990991	1.0	0.9908256880733946	0.9885057471264368	1.0	1.0
802000	1.0	1.0	0.9905660377358491	1.0	1.0	1.0	0.9746835443037974	0.9814814814814815	0.989247311827957	1.0
