0	38.04943032990929	47.670038092135925	53.94647349634856	36.35704355525758	51.166408557774645	62.296280688752574	77.42019957630484	85.76034103600443	99.47991836528882	76.3331153649979	87.71537644551674	100.0
1000	37.63139258303106	46.456282250964335	58.11716147191561	34.88704870138748	47.81867882153438	59.005870472896135	79.17146759027952	88.02588479357131	98.23321843030897	75.63773249648897	85.07088998805276	96.47993983126474
2000	36.533943612670534	46.49595465340555	58.449257995401396	36.9807193676149	47.71661978425128	59.159826775783	78.15939198437356	86.81259098460914	96.17129835737926	75.1862557701868	84.62040520739762	95.59221224958061
3000	36.59523545092091	46.456282250964335	57.94666448485819	37.541101347378444	47.82205706182647	58.675503657960675	77.46124312974577	86.34107136463899	95.70385604297743	74.40623683821553	83.69681495455266	94.095893193617
4000	36.77575132145282	46.4972775711384	57.838416759791755	37.25109570858556	47.7289674667536	58.64985868858355	76.87981823884036	85.83924307002594	95.38302257372987	74.04346264778684	82.98020652247621	93.71747387014861
5000	36.818084008031136	46.52725046427236	57.560644665943414	37.4549682877063	47.790535425858295	58.6092319730472	75.56430198398863	84.7610876499768	94.62308971996879	73.24136993778578	82.54786884649587	92.87920308886294
6000	36.79145316247556	46.61159343034589	57.176415536996174	37.53072722052957	47.79137051245674	58.65274456075426	74.94690891531957	84.4754587370683	94.26936328006664	72.78265853242672	82.21460758787035	92.66395846420747
7000	35.88201643202881	46.68382444336507	55.820173787833184	37.49880571625414	48.08850347189825	57.597706301437306	71.80555296419075	81.16051844615194	91.93338255349377	69.80821115667624	79.31854604779647	89.24420058605716
8000	35.748362797571275	46.5689263144297	56.02823243507987	35.93935305168948	47.412548215540056	56.60573834519485	70.2055598153238	80.00347730665246	90.11303678225639	69.46521178872393	79.00937853549904	89.30743702682273
9000	36.11598153332669	46.472997064737186	54.91807365343921	36.046034875891806	47.139052417124574	57.46716610444871	67.92582908293343	78.31227172503381	87.91057622080194	68.6965648141107	77.59933832017379	88.8038077787759
10000	35.33007308410466	45.589603452115085	55.01308259954065	37.8264791168086	47.89857505612189	57.904479748285475	67.30791512864542	77.51680004049865	85.84546268811144	65.94527186309091	75.85752488388144	86.52570914694377
11000	35.301248946891235	45.582293080159396	55.97558036921889	37.865519609036454	47.38411425033966	58.018684352481614	66.20501865432679	76.95278309545792	86.4492905141527	63.806560626240916	75.163638517686	85.1137571861114
12000	34.384830991301676	45.564329352409636	54.77778675769437	37.68146572511483	47.45519071458011	57.36981285281618	65.19073312138815	75.68929873972147	86.94013974189329	64.33310271330156	74.82164395821457	85.29305867611646
13000	34.05185324803237	44.21295927230561	52.86822435621929	38.782128325746065	47.83224055915112	56.89241816395851	62.19506613422661	74.80215854683185	85.96833643108576	64.62598882163155	74.46175951764349	84.49959644793529
14000	33.81802886862641	42.94386536421219	52.98381998373437	39.08288757548183	47.941273941614654	57.3970314160802	60.79440737678917	72.48833179802727	83.47785426415496	63.30923899595406	73.60334686095638	82.84020495961991
15000	33.66980098022744	43.101775363389805	54.285053325003545	38.182083462897594	47.941273941614654	56.86102133649883	60.84773750591327	72.09359634799294	82.31543398934542	60.14412069510365	72.1645630538006	81.83752349637587
16000	33.504194839965685	43.295246672618084	53.044377203206885	37.04303758770739	46.330865223339636	56.07504570321509	59.94943901655354	72.13315523394635	82.05216175096186	60.59698572625594	71.9854360498549	81.6714138995548
17000	33.23269426209112	43.07713731337144	53.64229415264806	37.26875638675716	46.78595610778902	56.412346314172225	60.743512869868226	71.95595691705735	83.94262261198494	61.892947597885495	71.90410467362892	81.4887165813943
18000	33.97375705444995	43.30348234699676	53.99565418322868	37.823938510204655	48.017699956807064	57.44085897493119	60.91271348598286	70.5515511078241	83.8613072710927	61.627317658283054	71.67410044115351	82.07587198785768
19000	33.78769438231154	42.917625931545416	52.095264436572	38.77220844960792	48.06663263086578	57.10545884315401	59.0744237378435	69.95394254648342	81.35315583155278	60.49225875152818	70.74672936655995	81.79005205470455
20000	33.098056643393676	42.261515932497176	51.909580313983085	37.27874260743678	47.33969502168797	56.51142461104326	58.547754234150105	70.01106021086959	81.00574607144827	58.90282767063218	68.81702638998608	78.22757968883539
21000	32.54291912314356	42.329989981714704	51.828658425655696	36.07995882068094	45.97625652354151	55.99024932823669	56.789050102017725	69.39501095372225	80.57993632395619	56.841445073120425	67.77818080570799	78.28379221094426
22000	32.68537003617122	41.72861357255147	51.39800468449326	36.712769934755855	44.984474330930254	55.25267820832482	54.603895310143315	68.87605647751539	79.37359082447304	55.7709832764193	67.53624335059689	77.78819062291846
23000	32.14809597580842	40.76444921743151	51.391086287055046	35.76704776519279	44.56056623702888	54.63733067296161	54.920570554135224	68.14517078096034	80.53145452864403	54.286445775120704	65.66786248596605	76.18675418024063
24000	31.167077412190487	40.19828531827142	50.47689980572752	34.665782561764374	44.92080816402131	54.59538084024822	56.174663995360696	68.33108352103869	79.38610515059136	53.379463789716645	66.00340631919158	77.71668108744856
25000	31.756424629976188	40.05023777134794	49.24498549293151	33.971904714946355	44.342215640331155	53.846457971440074	54.821348381803546	67.12017922301732	78.04459663862038	53.409001406617136	66.24099995478122	77.78714392308095
26000	31.288337533347907	39.52156042231583	48.346484486868306	34.44242535194888	43.65571895050538	53.929633080568955	51.60122455322116	64.88479874809715	76.30102284348371	51.83551320793232	65.41518359408046	77.13296240179716
27000	30.84377616726004	39.54657711215575	49.96237682541707	34.98030003126749	43.8946840319682	53.333661058301686	52.30245359952342	64.76660281571952	76.12580057950925	51.28730728078381	65.41518359408046	77.13296240179716
28000	30.667441482506973	39.578632025058354	49.81876580479516	34.06849800705042	43.644654925471215	52.40668059541311	53.0220450940515	64.94393945178699	76.01635284207715	51.2748861684028	64.8495355578354	77.0480649431848
29000	28.840000559487848	38.438486846154376	46.91413103099168	33.50441409018988	42.3093229557019	52.20193901791199	52.376432944196246	65.71829729705385	76.7115979356322	52.00373418939003	64.99474502912167	77.01488077881643
30000	28.17834608733655	37.289505394253155	46.547374325844956	33.19725779556107	41.64282737709737	52.70731162895425	52.7811353746985	65.05249141792959	75.32678366694952	52.54851995701023	65.21866750358151	76.9415728315252
31000	28.28971158831009	37.330233676944566	46.56452538127545	32.14130729840903	41.89283922563608	52.422687920496045	51.15736484644777	62.39381833654039	74.37379419993124	52.23387851076839	65.11241501236164	76.1415224792849
32000	27.50489887723669	38.01497390452103	46.580633155154146	31.858182615404047	41.72745158229263	51.98668579424613	49.397890481721916	61.55997316837665	73.95568354888681	51.18002793404594	63.27069809806322	75.35786302894962
33000	28.04492818979697	37.73319651248325	47.188859933816474	32.157063494836926	41.696271877420195	51.6811560191141	50.12906453863677	62.107597114997155	72.58629417928267	49.51466082606774	62.94690956665744	75.35511498728184
34000	28.35458524937289	36.68765926115195	46.842974056628506	33.09389439494594	42.2508723755165	51.6356127997293	48.67081372668902	62.137433394748484	72.17652919912379	47.969331088244346	61.64938264141105	74.13263643284458
35000	27.82583125191823	36.479648779593546	46.15634479753541	33.57096230420233	42.993844423821145	52.20595835688363	47.51927170557929	60.1898541511482	70.8090556439729	47.28469996911696	60.4834581657063	73.30759472847733
36000	25.851913003082107	35.38841482525274	44.1880781892654	31.678223822127272	42.3342195914647	53.041148434343015	48.43288741369109	60.07918901592551	71.0154717661782	47.99352525452014	60.58321328519803	72.28864971691681
37000	24.20079421717175	33.952303726522594	43.791635073144434	31.50083195887295	41.919962785211034	51.38788642241281	48.521895855595844	59.3895776067784	70.7712029197592	47.735180633852465	60.81338699114276	71.2043730554815
38000	24.860248251523053	34.30681768226802	42.25698478580687	31.62304117565675	41.97796098226971	50.822642740002905	47.7552744081205	59.359546613791274	69.65401441534439	47.37881682658839	60.08799327938086	70.62641316890458
39000	24.760873601803294	34.56168993623068	42.38709917884691	32.8406853120199	42.6094757399829	52.5971647830135	47.8309643026453	59.42200740655583	70.09278593805394	46.90555912283354	58.086324083747165	69.9875304383001
40000	24.326860038734818	33.46393044451256	42.613918856276605	33.4784291420847	43.72370469154589	53.456976255154316	48.12549575378513	59.03378386410582	71.10499955840857	46.72524571239779	57.74137996558583	69.91678367738007
41000	23.05170129144262	31.98889699623439	41.048223359335864	32.22483238675526	42.73394220198207	52.495666806521996	47.124523060237024	58.38736763484191	70.30753288850121	45.779881808752705	56.80669080705912	67.27679319487413
42000	21.870229169919405	31.485220950173563	41.034761458103524	31.585696817606255	41.235885247967964	50.86519979315135	45.48627512182078	58.82598045836952	69.80955765770597	45.54740069718153	56.395920980042206	66.10202968189412
43000	22.0423120632057	31.298664072149606	41.3256003290782	31.009772614617418	40.32422098177417	49.522926767063865	45.7594069482212	58.925149324520994	69.33660515537147	45.65064448216089	56.55275053560697	65.5489322866533
44000	22.507322897363427	31.154648780139674	40.816567235449185	29.850267818550467	39.646115817528425	48.37076131994178	46.03049504138712	56.73077234248497	68.89781451963977	44.97541207483565	55.668521955589	65.04592131276564
45000	22.305008821153848	31.257641966102376	40.793715474647264	28.35515586306781	39.0741975050703	48.81459936386726	46.96540921202741	57.00297310564552	67.58889645051636	44.994259656788714	54.247614620432756	64.12012373277761
46000	21.388051668620676	30.33529191755035	39.386310725829176	28.434100318075075	38.25724737750032	47.43233807020171	47.25652599157263	57.11358400738207	67.66795418736372	45.21267082982772	54.23201928094812	64.06974397174038
47000	20.27494248649532	29.503506237096985	39.093329392976536	28.91463477085933	38.70297896358575	47.334788534566734	46.90143502454501	57.2280287716663	67.98900228294865	45.02404295662924	54.64347489280583	65.18631994482439
48000	20.16309369751096	29.482844986062332	38.267951094351034	29.50665221814605	39.019994788671525	48.18496548610325	46.14903637903328	57.18493079864107	67.28687860164979	43.776958676509956	53.76365662137381	63.49179177608236
49000	19.51321574164362	28.448961738129633	37.132367722751916	28.350175344387615	38.220476241731674	47.98787470327264	46.29658271690209	57.39860621014264	67.28687860164979	43.62803974490164	53.54932753754648	63.04290095666527
50000	18.532222670480735	27.210556970965477	37.12642989408837	27.368106941597205	38.35192848363062	47.93162099087177	47.28869367773579	57.43717046276642	67.2249788033505	43.883824855317876	53.74052391922167	63.78224906777129
51000	16.78314217034128	27.608191492316394	36.09972226906403	27.800114082241635	38.88744286330344	47.724652636553884	46.53289950683311	57.660902088781555	67.29275014721296	42.971538963830824	52.822770823801676	62.55479798295124
52000	16.54710516908139	26.911035488766714	35.590202069998796	27.575340254191882	38.00881005757241	46.54588992205886	48.06138083264038	58.04789333674415	66.77370173682463	43.696521672441506	53.67195722779081	62.3395822108571
53000	16.218883316119456	25.425284528564276	33.36962191325968	27.21019172858319	37.18426111207643	46.87743471863095	47.968425488087234	56.771349325530046	65.23450454749872	44.80620037360659	53.65768849515943	62.5237416464726
54000	15.762323934320712	24.733190454868556	33.23752335182738	26.80963537533996	37.130327967069505	47.35877103733003	46.86114364026041	56.49812532235762	64.87632862615425	44.12050333257085	52.793762056560695	61.37972636174294
55000	15.798185358643144	25.378545108728858	35.28631403674285	28.771843245103724	38.23107370497263	47.14420523483899	46.944864241219925	56.18818238908793	65.10999448185365	43.44076544939638	52.68623934792562	61.661878053758855
56000	16.075564538032495	25.981667030917244	34.82599866479401	29.00742133159874	38.784709472600326	48.371341392687896	46.05551869014463	54.76956992087383	64.52999301201069	41.883272023494726	51.3242604199592	60.873405088376586
57000	16.112754168223457	26.384092152649522	34.367761484228055	28.444494107191915	39.50075194429674	48.99900874806836	44.240717170176445	54.559391936841564	63.78396635878667	40.7116375326733	51.443409744682384	59.702599708936425
58000	16.28539353871591	26.277337232829485	35.60512779776344	28.44426693350062	38.99187180614389	47.20815139805597	45.30015421918513	54.97090720901385	64.61555313490715	40.43783577905789	51.11101862719107	60.51881017332789
59000	16.03682528778935	25.66731737497086	35.59453771190552	28.65378105564674	37.874870559968436	47.13558506631421	46.47195338767944	55.01569156529438	64.8252390015752	41.91693147513822	51.02630447126842	60.777826750258285
60000	16.03682528778935	25.570523634938862	34.98376526892403	28.15442460624084	38.4038842576151	48.38303288227852	45.93308289796748	54.867973619379825	63.50765951292121	42.71568084443307	51.01003385609587	61.02300802244326
61000	16.456109184642507	25.814570206576157	35.35782427576992	26.177378751504207	37.87955098870786	47.04970818081267	46.15298732850046	54.488659621047425	62.709641248208	42.11715471926234	50.84732227466678	60.93813264749302
62000	15.708296756819763	25.146396276803067	34.45886675669263	26.058379018070426	36.77315514990268	46.218178582886026	45.301570934845486	54.56147051605811	63.58579957853085	42.46104775640906	51.96351563154715	60.736038588637854
63000	14.815371997560916	23.68592149119791	32.98273208132896	24.5884381543298	36.259746711345485	46.37124459156961	45.270734464192074	54.8047395206103	63.79896673183863	42.60137751318777	51.80000658411322	60.34541344929832
64000	15.458862802926607	23.995491464466173	32.817789306186455	25.124298321112747	35.423271781825505	44.47964644398014	45.3855798491327	54.23153630546989	63.11045016514643	43.120631189230465	51.518677919836755	61.23203056257806
65000	14.604638068052465	23.635494012768774	33.0859679138424	25.18929120717339	34.33221243248511	43.16486162704735	45.14373977650316	53.094544373335964	62.19408094075074	43.146101491875825	52.34041591111723	62.192937331006476
66000	13.919236500833366	22.56782622644768	32.08472336209543	25.243093112492513	33.99840068055285	43.53258273497168	45.090588604657796	52.3818274588517	62.348168214678125	42.26626763761354	52.25256137012242	61.39554731438456
67000	13.117973249462239	22.04738990820985	31.21978663189264	24.48261403736344	33.88513364398095	42.78217653953247	44.565070672956175	52.55440292177197	62.038349305151065	42.42052507321023	52.069274472867136	60.86247967635124
68000	11.62372764353591	21.247766870345878	29.846303485999066	22.2569693368566	31.73902290515732	40.89484990209729	45.00075213530371	52.59006898610461	61.10010115984715	42.648080083155655	51.979358718515016	60.78673292215205
69000	11.87356205638875	20.367627608449887	27.85805385411485	22.004875263443886	32.27583450302986	41.60534859391623	44.96497095053141	52.38938778081993	60.19931985876434	42.42534371073004	51.839711512227495	61.533411320096825
70000	11.249521762394853	20.367627608449887	28.56078887966224	23.439188860992385	33.20364709848984	41.883097800339044	42.91828831374131	52.39059782401449	60.95302564910824	44.43993182638818	52.118000933707414	61.47114929354386
71000	10.954723404336729	20.37217365187394	29.867175007099174	23.000181592265136	32.33326135852304	42.37084179807345	43.130431966170285	51.91154047682202	62.55416347896677	42.891045535340965	52.046165993819564	62.0143476377421
72000	11.547371046873087	20.11739531920408	29.800236605985777	23.272563274684792	32.954999762086246	43.16875360624019	44.42733188470949	52.63139681179149	62.47228023089841	42.8665862911347	52.564827179834616	62.170229243064526
73000	12.016321900645988	20.19126690836969	29.171382535682575	22.864867862746294	32.8308908229089	41.77968996788728	44.2131761585442	53.53456291274975	61.95378145220636	44.206176670712544	53.661907765002276	62.388477356753434
74000	10.952239938014845	20.47082365182499	29.19661140908141	22.72024068194024	32.74159619245704	42.734280772903126	43.68975276560214	52.811575082489796	61.56408578657404	43.84491487409144	53.15858809893987	63.470598843281856
75000	11.540863729519653	20.516504814321017	29.574555718001253	22.558738456730453	32.35832294993112	43.21423829004521	43.57239304120817	51.5875082529603	61.695614573785136	42.81441803091866	51.73508867515106	62.522334398462114
76000	11.446809537773849	20.40479619958692	28.691445040866732	21.50507069180188	31.5005176045645	41.7228236944662	44.28481470942705	52.168646394902694	61.747687272424585	42.767125206667515	51.833442091152826	61.53756399178897
77000	9.88471746281899	20.231435947734223	28.972082283885683	22.71405432137254	31.841404694504124	41.6237381846166	44.392523112583675	53.19063469514385	62.07047407349522	42.70834508077613	51.73180836834145	61.29339737242527
78000	11.103426545228379	20.126034500729688	29.38726150958965	23.693507166315772	32.68039724241957	42.82343519694402	44.32668436456569	52.936229623773	61.28100102494437	42.728878484425934	51.85129623980972	60.881772072862674
79000	11.468212510867112	20.65192117368175	29.722256871781546	24.142648740805203	32.894302793095875	43.47876620244898	44.233629817434	52.12535839783808	61.34393804148813	43.75513581046424	52.46431583074014	60.01180241905732
80000	9.439152937447874	20.615580283881197	31.025501993412487	24.420947650658874	33.12980864815664	42.12232753955103	44.58556505279479	52.24873158672997	61.79895841936402	44.345179148338005	52.19759572185208	61.160461157428195
81000	9.25572313206502	19.021921481035953	29.99967975674374	24.518592282819405	32.59570849527377	40.44184595338786	44.9609303012911	52.46449310821361	62.863583938182515	43.181301179035124	52.002226248983156	62.09357235911217
82000	9.598779352759358	18.2692974536334	28.331668159466084	23.946950283698317	32.62749428644345	41.43074827383635	44.29370927072972	52.30510938223484	62.23771740941166	43.16281043111311	52.26310280765272	62.34844808435946
83000	9.013039732262328	18.292421372716774	28.230139514397866	23.989643373164526	33.15597750402607	42.99144071682456	43.851281794747806	51.99044496325955	60.83154899660635	43.56345853109907	52.77447649462486	62.69276739467338
84000	9.013039732262328	18.36025368993686	28.809362519165646	23.97930481141415	33.70923970954411	43.29619902102358	43.882315310243314	51.62410983483386	60.18482027524053	43.732971149713286	53.247298547110695	61.578680761445376
85000	9.283979446681029	18.05897759181333	26.620474908098835	24.408527705120882	34.17895384812926	43.36122019228256	42.05829134559156	50.688558124761464	59.55757913398159	44.074672292828375	53.01645685112169	61.18114962423031
86000	9.684892942619058	17.585547870393235	25.763411395094987	22.650750897201654	33.57110350891032	43.3104813922327	41.72818815493272	51.0254735232826	60.004617931467735	43.17481954542333	52.33317523843793	61.52981189501212
87000	10.091097658347564	17.47900841518995	25.951001399794247	22.361293967949454	32.61631965105858	42.14972829669328	42.40329670859964	51.350854981664455	60.03878786432339	43.14534229874222	51.55555886368521	61.339971475736235
88000	7.855803598595994	16.906771311706162	24.71730670117815	23.17827943053824	32.34960788277029	42.12221765262478	42.44583579943409	51.013775740103654	60.15516721869403	43.21569649773829	51.2303782973122	61.22751816981854
89000	7.469389431521462	16.51964030711287	25.77291321588971	22.467743428585266	32.34960788277029	42.06595670152599	42.78206340696059	51.514021785573114	60.88125381791953	42.92878838495952	52.07019024192438	62.43808182035638
90000	7.09584881911128	16.54469595501441	26.15747208079482	22.58244421530973	31.564277435508075	41.1317404692751	42.75088792994356	52.21528504586462	60.95235192329366	42.63776142403812	51.974218914897705	62.35301970568134
91000	6.942903137117148	16.77894838195322	26.12948016909935	22.145102120118906	31.101937319325646	40.17293135461515	42.89167911344006	51.99090797425461	60.97652276369865	42.65335136911126	51.93383067090764	61.369760431273775
92000	7.377626600088182	16.33047930056413	25.790416884913462	21.729127019890562	31.478492339405364	40.86683434735771	42.21507553443455	51.14551258183539	60.48629646665725	41.93500529088034	51.702393002344316	60.6645236036907
93000	7.415833546147718	15.62375630404702	25.49522519959455	22.208862700415082	31.37296833137967	40.79086898801352	42.31797291885398	51.376239746311526	60.61503547104865	41.28405451885685	50.48646042066723	59.68234362612279
94000	6.867377745155725	15.679889333228303	24.6352714232643	22.308711574451223	31.625654694090212	40.285984088023284	43.80145795385512	52.13880497849226	60.87565876680962	41.84479521632703	50.424504133207016	59.764190677971484
95000	7.519563364393582	16.38187995044406	24.264215541538796	22.084216910787863	31.41468874282733	41.318122877401905	44.66089903986181	52.51077364195987	61.371173647973805	42.037277900808625	50.93153666394826	60.111568203174514
96000	8.886463231380638	16.817038980538705	25.093001643525312	21.75708958542473	31.015820794183597	41.99094256809775	44.05427537075331	52.16906736587053	61.87484931114595	41.839088610413256	51.46591366984967	60.272989845104384
97000	7.453410405631116	17.593325392115435	25.093001643525312	21.679838183049405	31.75680455283387	42.38711313046562	43.97888763054158	52.84770829236779	61.824463626550234	41.7259762620921	51.63220341743008	60.59084656290597
98000	7.677465424618605	17.543791009397395	25.572146414853194	21.80195008303545	32.35500243470341	42.40073873675115	44.268161313376	53.01612831986028	61.681557316302424	40.756235686795534	50.69293855358067	60.45738038264902
99000	7.3863724901391326	16.698434814438485	26.16926537507033	22.570062769698943	32.09106622193232	41.701566672990396	43.89793292502516	52.21591920439358	61.425563827600975	40.95897774162131	50.77371480772267	60.52862953685334
100000	6.781871451690803	16.486912005168197	24.8646456126964	22.169076153728028	31.086854382788527	40.43642369605095	43.51198228795903	52.16442799739819	60.922852999562224	43.045740922742326	50.86411419141173	60.75902184785952
101000	7.340684928331513	16.535429675497	24.58853244176541	21.971702433506348	30.776315922801306	40.90587698120667	42.105560399444556	50.576684794099464	60.45012490126034	42.14323292153728	50.43959198955772	60.30510463437929
102000	6.515392536291371	15.820448423914709	24.165981594072093	22.05565581071092	30.99749222911526	40.989697096464866	42.0405406665926	50.086202187908874	58.734339196595386	40.91290421948439	50.64522504088451	60.36000907777592
103000	5.8377007585057195	15.255067272824885	23.397396897370903	21.937756514865008	31.315779626902806	40.6273541023361	42.33132493552262	50.23245314007789	58.59717078874474	41.1863479553346	50.14712724657167	60.069861218145675
104000	5.827467282675947	15.591833088130713	23.390654654618988	22.311989344477624	32.10829040285307	41.13451298387071	41.368816073942526	50.111636474117745	59.79011771575818	41.87957861913458	50.18340269059191	60.11199422285495
105000	5.951947470081835	15.645981404336784	23.665365370785892	23.136220411703743	32.190499252764766	40.857914463053035	41.31196850621592	50.11861775235633	59.003945871202255	40.92113501361284	49.44482025926685	60.412209696908086
106000	6.992747835255821	15.111997981589159	24.1465615947925	22.562305899243007	31.729722857506175	40.92921749684224	42.241983948855534	50.48615511956636	59.02550015295944	39.78484180405543	49.30397098397011	60.201754513542745
107000	6.506542114080432	14.467772010554654	23.32255430063402	22.611746366824065	31.156808861525217	40.83701756306706	42.422720503083994	50.925085076399704	60.41584962918056	42.112420677984666	50.52496035794443	59.52898363353597
108000	6.006442005565839	14.367172719522395	23.011856399045016	22.87715511895111	32.17118972926598	40.39973528622263	43.52738860416726	51.59163229206216	60.66473284026389	41.81036329020031	50.644396835170156	59.58900708054249
109000	5.546430085257418	14.812828822982656	24.171580802472096	22.487472904750945	31.90517014724473	41.54611930274844	44.496789329818796	52.02364212748495	60.2027392841531	41.53441302222216	50.680569297969896	60.252372616218736
110000	4.7164529141698885	14.538422934607027	23.347833001699847	22.014783451382904	31.56647891054064	41.851295432274746	43.780181939044944	52.2554068817154	59.47585309278442	41.49030507671387	50.561584852847744	60.28296254152012
111000	5.393604334870602	14.464560364172756	23.41411323672959	21.74203668072343	31.674072086368362	41.6384349216291	42.44784925504766	51.8585479736162	59.637026886509915	41.83916237829199	50.48581322582558	61.454279121044934
112000	6.551619863244534	15.101216471898997	23.799201712571936	21.993567263296264	31.09237023039567	41.72346669493605	42.970116076391896	50.976387508933925	60.40337313660596	41.63592047204588	51.12856134914114	61.17664978515631
113000	6.366208102767376	14.990830918685317	24.23147075471968	23.29334801926452	32.52289714070297	42.11958247207703	43.35542174317871	51.70406416119185	61.042892403003435	41.952637599795125	51.6005412987689	61.4767403742936
114000	5.976496543733127	15.01197075256177	24.20964651791975	23.45784998503533	33.085898202232116	42.96582869369181	42.89160948671045	51.686103497453985	60.6265618529071	41.61569884513217	50.61701279623943	60.05767416970642
115000	4.949336326271878	13.604897979040055	22.69598020181119	23.148173582330493	32.92005885607023	43.009786443388585	42.42215082899047	51.163038338137355	60.40549175285378	40.19857453414752	50.61701279623943	59.47839216920595
116000	4.851073880811922	13.467419689021735	22.53177809330189	23.18426437902359	33.202091204842645	42.79131862278168	42.1897581569275	51.307524478205444	61.12581622915408	41.09791951455509	50.853429992192524	60.320262744345506
117000	5.556605671902444	14.533415515186027	23.377895182838614	23.021552066628516	34.01600771496369	43.14991686204726	41.61134859551912	50.969835126533454	60.986789791869924	41.2065332694931	50.114470403070754	59.08720172647382
118000	5.38803960136643	14.861776340787973	23.657889033559123	22.99121680111122	33.244009012244476	42.83601127676031	42.434997028601735	51.7334991979684	61.164202230861065	41.76552252447099	49.83764834356379	59.03531844034989
119000	5.955773056052767	13.80169001929437	22.230251023731963	23.637354610677253	32.82340402626721	42.559109793244914	43.59385782667715	51.964824893121026	60.85045427152676	41.89963246737874	50.2764014237829	59.67700055250106
120000	5.699853246286235	13.59553241052985	21.931140033644475	23.412808779139965	32.99977730613644	42.87807367909279	43.16149850788693	51.572491243222586	60.752224259752786	39.69521918259298	49.248481733936934	58.06977348796195
121000	5.740584692789848	13.873141530322192	23.07898945279241	23.596523799680583	32.49456563409189	42.99276744570456	42.95574580465451	51.47997143260575	60.81907728289377	38.52309595188049	48.576666809846756	57.51402409750919
122000	7.000883653183029	14.282890813877193	22.861985419317556	24.50873247463889	32.736238088593765	42.88186875797798	42.8740751628787	50.65996182753882	59.986386817533194	40.23351755316132	49.27794563234817	57.92841026922669
123000	6.104606883219461	14.372367468999354	23.357604421363476	24.9769653785776	32.52274225728922	41.89416964926289	43.22512640800785	50.900279725044946	60.08815070766149	40.664430021315624	49.23285790975372	58.75352029124635
124000	4.760932835875109	13.933898309651251	23.85346795382182	24.22284201115626	31.591192624317486	41.176681476664854	42.90689042760056	50.96149851603829	60.32126556818045	39.74592547055635	49.24681644624175	59.530001344219315
125000	5.796055420894001	15.015893483195597	24.90499329364514	23.257674736785553	31.41565380543843	40.63278209906546	42.45729005923025	50.61066882216872	59.96550472858419	40.72263469986089	50.055362300132174	59.1306427512736
126000	5.954842161294243	14.515329497769862	24.21401561136951	21.843233482635547	31.327587031477947	41.67477394227325	42.481363494707075	51.27540647612673	60.39890781499368	42.25684542691734	50.72950491130552	59.40612978684642
127000	6.91962977770131	14.54336365235163	23.601882693380915	22.07183401804223	31.628377143320975	42.30117385862964	42.19516187493685	51.48604765194207	60.52080125146877	42.10267256301374	50.94067728638815	60.58514004562956
128000	8.34367316283938	15.25525395431895	24.737579958004556	20.97943967919508	32.020074126399045	40.57103166541281	41.81076133652691	49.92481171850347	60.8311434650402	41.11282505423972	50.25964390852185	59.367853615142636
129000	7.687387079063487	15.70567291458058	24.409205480567955	21.548854677307297	31.82821983811243	40.085084448557424	41.772496637176616	50.0913023151562	61.53951468428612	40.99549233344547	49.67902281407838	58.26292278378217
130000	5.939330241151209	15.823322353829536	23.11727384333831	22.39333592020067	31.30255806869014	40.52681981516753	42.18717423579395	51.07588175646701	60.76446394031038	40.749271416488625	50.20209157406188	58.6721297256432
131000	6.35999266861716	15.431838486134403	22.983761091389578	22.016794164497014	31.189106995085396	40.588040315758434	42.109038766042886	50.63998719636575	60.05174719599415	40.78433076117407	49.80681206647982	58.67688930301096
132000	7.202939372880421	15.786628086009673	24.42106920385676	20.52764683268576	30.452343645425337	40.93437266928002	42.91101776687181	50.41196284399344	60.05655539429857	40.24599617166303	49.26344465311497	58.99860110265719
133000	7.397555825866702	16.808803491400568	25.06240287862711	20.60692660508333	30.43395374681424	40.629607559035975	43.53892720112803	51.09677927515486	60.37753396888944	39.17531831068652	49.47694427654196	59.18033757834846
134000	7.181523929195594	16.20037711085262	25.068467474606294	21.737437394774417	30.23059423189625	40.28856313945561	42.867559275201586	51.406263948253496	60.06909061699743	40.215858402142544	49.6935426055365	59.296535472890035
135000	6.160804863830286	15.868991161642043	24.903948597488828	21.182587301399835	29.216868893093157	39.48195395310715	42.57971781198049	51.231066006652796	60.77495449599715	41.4354534718206	49.76706365990957	59.36878168389346
136000	6.359298735087268	15.469764299877	24.82092711830512	20.700487470061148	29.649351899043438	38.49115893416766	42.75814868907169	51.50135279183304	61.7074252863614	41.016002301692495	49.726088542280706	57.66787550380443
137000	7.5239285974623495	15.745201352051655	25.1704781129601	20.2463113760707	28.933629875597802	37.953895098182215	42.2481694703452	51.6924093469291	61.5286901526875	40.92080665168429	49.83793020078662	58.566421391150435
138000	7.52791442242819	16.013260254575474	25.444561187781048	20.162642625915876	28.685213543728203	37.55690344855966	42.621570951943546	50.92607698604524	60.081388020569065	40.759354749491614	50.23480565559497	59.17360683105325
139000	7.6786518349232225	16.10294486042551	25.267808249989983	18.378205705868005	27.885113355661577	37.4301550359491	43.35040293225109	51.158106613238495	61.24041430490534	39.97633636059513	49.53691388992712	57.838788409553125
140000	7.262458156200975	15.430728035456566	24.549047132356385	17.86126230705779	26.585616561963953	36.96703525363764	43.07353382557572	51.47410350823942	62.046440304596175	40.1029449425107	49.082663405545254	58.008062307075996
141000	7.145915989314112	15.572531148941803	25.376461267864514	18.214626960974876	27.151574907051955	36.72139993290442	42.51233796848564	51.73307573482172	60.93417112877247	40.16035034214043	49.69798091773961	59.368151643369934
142000	6.633828212205695	15.802791036914472	26.36774924881892	17.97103600944436	26.84897219348465	35.859279942505836	42.43529057761285	51.87485656720303	60.11813062378356	40.27286669107532	49.35779267894491	58.563745264109095
143000	6.89970897439386	15.972957568181473	25.674114520992163	17.006231349991097	25.996471868587044	36.00780486180234	42.74345599266705	51.68359019056419	60.5700536175909	39.84702156224206	48.736451233797965	58.36210517194883
144000	6.96601025054782	16.338642593461863	25.100371503391948	17.25700696858013	26.109426376249168	36.53840344901169	43.186576096606245	51.52426981447155	60.784918086715905	39.84702156224206	49.3799122999375	59.01322404172487
145000	6.106933689705741	15.393389658759489	24.979746021901732	16.64493007588601	26.163169605898503	36.46562361043815	41.98966722724644	50.779140110843315	60.39416500987434	39.80315376461525	49.40537715697353	58.918667200744935
146000	6.520981180262275	15.301629423484716	24.717077737236025	15.942802868154626	26.20280319843349	35.87827421139154	42.15512413247458	50.39406762826861	60.67125262432455	39.64571017113788	48.88591053485313	58.18483624462287
147000	6.7655611761051375	15.250672759274917	24.409554414124855	17.79566996159944	26.98922552572442	35.692838101428066	43.44868283875384	51.75347967420949	61.63711038664307	40.585204670163584	49.115160089330445	57.16125993817683
148000	6.1041553449015895	14.560979671002151	24.007923907342413	19.090758873094618	27.96903701170101	36.614953199568006	43.37296717768113	52.335616283856055	60.950876655429525	40.890171569643485	49.970070699843916	59.04982226888531
149000	6.087036667404062	14.474752605964394	23.796243814196597	19.021091547073176	28.559894701056443	37.73677503713293	43.47050104629824	51.67210739143016	60.194340409875544	40.95634488077551	49.47393745446175	59.09517805970777
150000	6.34142381461451	15.233767329854672	24.778341874998212	18.244062801096774	28.415087085930747	37.66650594523413	43.03923151428126	51.47372573997686	60.74641122050974	39.851753404144546	48.99574907002714	57.98859016310257
151000	6.996714117173617	16.048233547187735	24.732745924092313	18.194063729514475	27.703154651251772	36.01879847998515	42.39924889850613	51.276712999609444	60.95558228647117	40.617784813082515	49.74074660298501	58.46406547422173
152000	7.187037969730149	15.530341853141927	24.322650125690565	17.46734548531657	27.177408482808886	34.430932981177165	42.176321772285625	51.40291059358809	61.57946597665958	41.24987402945771	50.02142120322368	59.33106846584677
153000	6.737965593390511	14.870908231995283	23.58843063056718	16.643905345017775	26.830436862698733	35.44316680164429	43.26534721553922	51.81761253318358	62.447277426680266	41.525582850025536	49.70249127333032	59.339245335881074
154000	6.9386375824349775	15.349362645932517	23.700579916752012	15.809009963131142	25.874228082477067	34.77100093933544	43.19182236470322	51.48586843115779	61.170819301871695	41.358734231162714	49.77523269504604	58.86328861066562
155000	6.571121868120304	14.777218461550683	23.637752205753117	14.3255905454591	23.474034933993288	34.07631910978667	41.810207743461234	51.74546819902925	61.260588196934734	41.3582755625586	49.953274041323155	59.06178330597462
156000	6.445535576694256	13.910425035142653	22.568463584216545	12.999822563331195	22.652060109097206	32.92483417984468	41.53053537685282	51.80956994083739	60.95038321159565	42.678853224716875	50.33293286463047	59.634217291214384
157000	6.456618085305303	14.906808000066922	22.62025253255996	13.849645814528472	22.359674629415466	31.633502194662984	42.35236256126248	51.34973905805871	59.68661735378005	41.57274300684102	50.22208595299905	58.89802789708329
158000	7.035092306888629	15.669122195208509	24.41796135686241	13.608434157378138	22.150321379245806	31.44280086012341	42.29509073436836	51.0478949156671	60.10320189775746	41.982081771990224	50.230746580504764	59.06713689487936
159000	7.392635996081843	16.397589135420233	25.945618416685043	12.59310055829371	22.290749453026958	31.050116390044142	40.98180959385248	50.19808409335836	59.53984174601865	43.45900902520266	51.14957509449467	59.71543064564312
160000	6.644957622532946	16.541475502312146	25.52643038259768	12.381096450854152	21.708720004139707	30.943166964224336	40.0318022600069	49.98617072525019	59.19295334393276	43.82669140871405	51.24447184067108	60.00056782616768
161000	7.008630129410087	16.15332665930923	24.537683850076434	12.876528620428182	21.20852882024299	31.909119667494053	40.555559831013824	50.175838634876754	59.384761834672375	43.58686077234271	50.99817159268758	59.96290103846593
162000	7.359844675222983	16.53308282233445	24.214079855737523	13.105816210363344	21.934761521069802	31.62364284599026	41.14208933725786	50.17205946158107	58.83918888644179	42.57843115287935	50.57995647139238	59.431985809570264
163000	7.326392101257829	16.30270678062827	25.036346396845445	12.335354511547306	21.783359272183617	31.551303385960633	41.17216867479825	50.5609082583218	58.60864882750588	40.765786109177135	49.78709514832776	58.92013057186654
164000	7.788940539571113	16.329192539759937	24.408201812267464	12.183377983248846	22.394077829678555	32.16349026035923	41.15148258808864	50.33966228336743	59.2692014418149	40.50564369050472	49.54069522481224	59.07186516978797
165000	7.417704781376367	16.865751022711063	24.92065370187682	12.660717932152796	23.141906401108077	31.77224080375974	41.311893167126904	49.943888320211556	58.380839306898004	39.928184242667726	48.985659116757255	59.48049473406403
166000	7.4939621206039675	16.80487601392286	25.855785271975062	12.191639210808695	21.706740213417255	31.050953089803162	40.63326169616244	50.353572582478485	58.560047054297996	40.44791603670744	49.36928614954142	59.85953755053642
167000	7.082676179888795	15.754190803930648	24.84018243219298	11.656844072955167	20.891849345445173	30.48316629702807	41.30940758484749	50.3136109943255	58.64275179215719	40.89147617491338	49.74259876077553	59.60756742721385
168000	7.243364137937971	15.63677821068446	24.60858025630323	11.921729167520926	21.160929281510054	30.837206208377268	40.446292500630115	50.04794271672739	58.52140659529329	40.96511574568947	49.421014139768594	58.779617034184426
169000	6.266927552881918	14.894572858342489	24.248012406153773	12.3738416856871	21.34242477026359	30.596655187232678	39.43887550267638	49.13623207737999	58.52445069924558	42.37613691745831	49.960800647380765	58.73465671321114
170000	6.181546223017249	14.724784536574322	23.91445282900589	12.51178290296435	21.453231486966903	30.901302414502247	40.0416740272462	48.506109016530175	58.30648076811997	41.75648626702021	50.44827347838407	59.724213125774135
171000	7.388603995233424	15.387876395404025	24.229419657786572	12.466554923793002	21.215703161662262	31.882197529641367	40.17351957986074	48.02382533193146	58.61526776964577	41.26278883154129	50.57229665728207	59.724213125774135
172000	6.730883432940955	15.076272474595592	23.873449108015542	12.198594065731244	21.691600391226196	31.176532393880237	40.539949678868595	48.87406804332329	59.50898415409891	40.47668262561575	50.20044501767933	59.38449300431839
173000	6.488474395577863	14.296019442426115	23.609280665247546	12.23145499461643	22.023898465465898	30.422392101657906	41.986372012344205	50.93760965713105	60.30986992996025	39.989906590495046	49.03698743981099	57.835829991630874
174000	5.848843347148446	14.921381652305737	23.783036149026884	12.087520192250226	21.957824144332335	30.089867543730243	41.725863973511856	51.28814152783528	60.31206155384091	41.14208155502953	49.00028317799303	58.0925927231718
175000	5.438318814604349	14.914956690590033	23.258696238164426	11.816379196158943	21.787614649332973	31.57414413740679	40.188426143783126	50.615649264060664	60.34592635466835	40.72535496850743	49.49830602443748	59.51530503729431
176000	5.191648724113566	14.125819019887537	23.69835501626622	13.103825325322447	22.62289577272528	32.41817659500553	41.2847670869415	49.757458813380325	58.51224450613209	40.43751906224372	49.43377488822024	59.36059607728096
177000	6.376549248638345	14.205679470273328	23.52649537343487	12.697041205011526	21.841887708975	31.256278235215913	42.007683878096074	50.168973889596025	59.036010842454566	40.66913052177544	49.32909128157768	59.01827550781532
178000	6.675678802338369	14.57236596787996	23.52649537343487	12.405985568195941	20.774977062297353	30.010764468115614	41.45106963337926	50.663763016670444	60.23702137670686	41.1121761652321	49.82160827698029	59.238895591409175
179000	6.816458186928246	14.70187374146017	23.633900571796588	13.962352601053976	23.0635653443123	33.0096065134425	41.306372933423944	50.220692222311015	59.91118307027844	39.88000060848851	49.519880879821535	57.94795880291026
180000	7.20840310443978	15.42935365691833	23.968098293994068	13.082001988515234	24.090301913434494	33.81700248828638	41.83085671570805	50.16860683784182	59.65050648112572	39.7416348464496	48.25327652954937	57.43370496752755
181000	7.103800861490518	15.514242412225531	24.447578466366316	11.689115618998018	22.297023730022083	32.730289680601345	42.16563468373644	49.962940533549556	58.256699449687986	40.320230882743225	49.09423339881259	58.51516418247657
182000	7.319154256355054	15.684607827064035	24.64114831965135	12.72687897860519	22.61294181832031	31.421629472398486	41.50028154140756	50.16812755103387	58.612307418732264	40.2464719356538	49.75336030243528	58.62228556401958
183000	6.341927899945581	15.409241497425672	24.305917012746526	12.94654823342426	22.788217651668486	30.6189987577995	41.12369867141888	50.49397508012121	59.27110468315482	40.70677318438602	49.36939013143394	58.191128767772554
184000	6.094490588382749	15.256074899362549	23.95918446063341	12.037199085876123	21.26158358220882	29.52163444874266	41.20854511974874	50.344212072224096	58.76493125947569	39.46101196623924	48.90350098552187	58.4965292599621
185000	6.637525596573543	14.638722060230968	22.36720350667887	11.825631412776472	20.86260993098272	29.86647381286111	40.95068036222068	50.22650774910198	59.52797973457796	39.3102942735983	48.44923824516617	58.489428137087984
186000	6.841179537414167	14.998197168676905	22.28801922679688	11.528343898762587	21.100250250560318	30.122423541784816	40.862328595046435	50.1958679815595	59.2424575734032	40.01180855072549	48.47624337088699	57.44079484342763
187000	6.331759241576547	15.090350579155292	23.15142049115331	10.873359273819863	19.908645041765624	29.959304050417895	40.372669337819744	49.92651351250106	58.517565273027614	39.86747850484798	49.065062531071185	57.56788751354604
188000	5.140141583576122	14.176693182199273	24.912391461580903	10.902961682625392	19.539016285731797	28.66183086178091	40.88621018097657	50.1531830746804	59.29370374431721	40.231751352668255	49.330353828907825	58.68843049889803
189000	5.925712714814551	15.29443170496226	24.442135427344	11.049626216239048	19.898638247933278	28.52552815553713	41.351276635842076	50.420437458785784	58.66483397936753	40.47664453300712	49.299725315801865	59.02526026119955
190000	6.95279814202242	15.571513982517615	22.87680040416327	10.431722535531662	19.112543893279284	28.561960039966404	40.83057129406124	49.1551269574301	57.57644564557561	40.76384572773205	49.3664932794032	58.747454726497125
191000	6.745134877813285	15.269274557715237	23.21569625653396	9.65808287609953	18.897881712698382	29.340880585139963	41.35980389182919	50.57250541330578	60.116568277652085	40.88831617454699	49.54415622040651	58.17779628581685
192000	6.419545959557871	15.336653240256195	24.53381841075344	9.609078817476117	20.201720896805696	29.63146746386156	42.32589718119511	51.66478109384207	60.95515922346743	40.85641984931364	49.374192552831275	58.924993974984744
193000	6.840892258164006	15.454809461015948	25.409287725763186	9.846895900873996	20.492122069298986	28.63939093555907	41.934433491231	50.74978460989482	59.13426242107542	40.809975713882864	49.8090860408861	59.25886293638996
194000	7.7771231878599	15.56947745330888	25.76981811371616	10.882547377027375	20.56074618008943	29.487016274650436	42.284529644333205	51.07085494585125	58.97057452585697	39.674176576702834	49.555839404824326	58.259693146094214
195000	8.201923846898353	15.830210069206572	25.65763512163133	10.947678697847248	20.557442555453612	30.347184427372895	43.248015857485726	51.33010330658402	60.465641746877075	39.44614038855545	49.17062175308138	58.1081419803685
196000	7.52550453184438	15.927110847430342	25.87940255034232	11.93908567481569	20.20915121913906	31.378864235641686	42.44292875137169	50.938015516364075	59.893311103933286	39.34699627251052	48.94062675788656	58.52029130203249
197000	6.861686927709093	15.774416825879506	24.722589621919326	12.443913384279071	20.720127896472697	31.70353024868129	41.89628058580459	51.10998193000083	59.25805473432168	38.84809380625998	48.61903316095401	57.816918533784815
198000	7.324435628392671	16.13729671318817	24.50999828954886	10.62880494576154	20.750871295111622	30.20591797754239	40.88210689208281	51.34100904399851	60.27816425567747	39.46497425367565	48.799990458987665	57.54153004595926
199000	8.477798482197947	16.5030821115766	24.51303803218398	11.152077249346641	20.864123107393585	30.816097420793348	41.0604389660692	50.72425839572595	59.9467647758368	40.111299019628916	48.63025064810408	58.619210521755406
200000	7.808740604307591	16.549283143632408	24.797737866032467	11.219819327433633	20.84993162127149	31.387835191442733	41.52481971703471	50.578484015382514	59.770799321483125	39.56993770879447	49.03594993351855	58.07401722518469
201000	7.808740604307591	16.818481428205853	25.973238725829837	10.89493241916886	20.36843904297156	29.827659630109068	40.54433296591376	49.59117901639413	58.8697336547328	39.93664702971155	49.332688281575905	57.70849476340419
202000	8.24351289722064	17.039707892668773	26.721474550071683	12.847978086298896	21.794936462975173	30.602609482937382	39.96860568704706	48.84051521959282	58.975140968777865	40.69009693313981	49.29672426254026	58.41081763148979
203000	7.794284652205823	16.80744664439305	26.51582908175743	13.647543006663382	21.94407314377007	30.761394675017854	40.92531411284027	49.456833934719015	59.412364188601245	41.10579331855412	50.199085552433154	59.307102630368746
204000	7.996238853382124	17.28960730619451	26.96745456098273	13.311943655814623	21.72157973390772	30.958777194045357	41.53909457964104	50.20807155887069	59.014384784385484	42.63238077381404	51.35476446493567	60.59507132061762
205000	9.19482290165669	17.88781939502752	27.712023529939344	12.184670150051861	21.673741368975527	31.538426580111356	41.826144065375104	50.42525326166722	57.758852707198834	42.60282223288271	51.903872060197415	61.01559973978301
206000	9.513389335231413	17.762977164273153	27.067124022435483	12.909934548244236	22.379558822261753	31.75267444281355	42.602548581783445	50.36932183523264	58.193489434407645	42.02580345509095	51.53104311383667	60.62338877736194
207000	9.678596955053932	17.916717181487602	26.857502386183086	12.814479749051424	22.78547860802331	32.55222408325293	41.060971058877875	49.289189385653906	58.71124088915633	42.22983907974429	51.35056802130286	60.58985019183801
208000	9.01114617938408	18.071008321558217	26.775785047095255	12.493602216961547	22.031086733948776	31.195195993739507	40.87863739358016	49.510904448013946	58.20177168407929	42.00910037803101	50.944403436724855	60.90527184396042
209000	7.5533000496909395	16.883321106768086	25.326996630671886	12.773181857091679	21.632790095537167	30.08081838843591	40.6582872564144	50.009264164627844	58.37590785991397	41.44927274260024	50.426601262994524	59.61522911104771
210000	7.181539373839641	16.307886541056	24.836290799978897	11.85149448010332	20.163796744639633	28.70861488599676	40.701391989372496	49.92870076256787	58.43471977803103	41.500711172640365	50.88260827023399	59.51920086960986
211000	7.694241917280044	16.0423832284765	25.240495564545327	11.296567446951578	20.179235560868	29.73135564910664	41.07928606618032	49.71536016829184	59.65167512565686	41.52666372978635	51.38309519627724	60.884464150401406
212000	6.791969238037424	15.942680251521217	25.170254096701434	10.355635646565162	21.008966069080884	30.6392928457199	40.67419678757934	49.67223114209888	59.589876984864866	41.49081062624717	50.88878833619936	60.74838100487198
213000	7.961630004958938	16.584479371821857	25.731868793550227	11.577931063874605	20.905424003826045	30.074712344705375	41.787308542880794	49.52663507838015	58.981629598941765	40.32825875890249	49.915399648251565	59.58609717630941
214000	8.801213377114298	16.58111355835098	25.453429187918623	12.08649270008645	21.34090560491	30.401743837922822	40.817312006669106	49.47654221141373	58.76046945609532	40.32825875890249	49.47332091849893	58.74888672038135
215000	8.191866350037158	16.347706585323017	25.379149649235174	11.73912886297052	20.838486575983048	30.99355512029583	40.169342893765986	49.65248288463771	58.26391481352878	40.61131206704535	49.56991103074501	57.922608191525455
216000	8.667469421099604	16.77370400358541	26.01085996983792	11.797689178504971	20.38227400695001	30.810543573385942	40.948989000875294	49.57681037033249	59.32717968415031	40.51336900266286	49.52612514606842	57.612929004126514
217000	8.911870660133161	17.469801172102425	25.901513411973422	9.867812110698212	19.44207401262589	29.86214244425667	41.9657177294805	50.013165161778666	58.05692165475388	40.05631910205792	48.96891661704679	58.49451412427279
218000	8.792417088757993	17.820424176354308	27.104266608603595	9.96639098263484	19.36873340525955	29.33247371653401	41.757375276035276	50.21240830218693	57.53063813383644	39.436986183845306	48.50291653040866	58.10659732012685
219000	8.369195959185454	17.959721366903565	26.869088193771503	10.845868105524794	19.92125762829935	29.502563795785658	41.59508352183532	49.897250987607194	59.2301224461707	40.41871758052082	49.26918153120582	58.57406409145338
220000	7.717591824661936	17.973743612787494	26.721503051319146	11.199424408342157	19.83571688492828	29.28706018579714	42.76218374847936	50.548933485471096	60.19008115380272	41.16274559819009	49.28300414871731	58.88808791030215
221000	8.044313787418329	17.787303211360594	28.27360638697813	12.178612107099578	20.631367899656798	29.432304933386494	42.76856155453593	50.93756615677697	58.947546323819154	40.87183945674948	49.05326917786853	58.944987559862945
222000	9.927535631581488	18.764786352615747	28.769219796726333	13.129103075284547	21.10858408338565	29.783558974263514	41.71632104910354	49.95127024429142	59.22982243095132	40.459439414469344	49.63031472819903	59.34802486626234
223000	9.586008556064172	17.972050410366634	26.84722887018763	12.183178982067478	20.40809045769395	29.661114105584613	41.29691270463438	49.65733941027678	59.937485808760314	41.23215405436437	49.96597235875808	58.894025783296975
224000	8.774455364660955	17.18669045339924	25.848018118292714	12.30919122009389	20.405557274355434	30.563734397683714	41.257976872443	50.09988987522908	59.3686491462047	41.45800905225671	49.86252697670338	58.51497521061121
225000	8.838286905590618	17.663020827283162	26.506932666040235	12.616010489435496	20.648464422116827	30.154194768017284	41.53244448545861	50.0161308849886	58.76832794716125	40.168377815355925	49.107543908744574	58.4910179538023
226000	8.25341483955943	16.792651646621614	26.357227551729068	12.152449371340534	20.475167916361784	28.921622250048337	41.832118190188154	50.147023353965366	58.67374627521657	40.013222671254454	48.587180643718135	58.31935755322405
227000	8.06155556115226	16.205353316487834	25.3144246963192	11.920564644667287	20.43861382293875	29.76051259134643	41.54726719486537	50.59423508409951	59.94258441480832	39.7546640741948	48.99499072563644	58.88994286094439
228000	8.634361737950577	16.602151365310828	25.228006439286975	12.30668733660907	20.329476940250245	31.36407156823101	41.76509998639145	51.63637957580541	60.327560231780424	39.22534179161889	48.967159102870966	58.350653860987286
229000	8.485260228181973	17.2064677209166	25.702868087674794	11.656074712259672	20.31118039956698	31.311448630891192	42.126089878624896	52.355015085172354	61.09442566805835	39.79532981212584	48.859555428835456	56.90295945652838
230000	6.774969676601008	16.874167962721362	26.063622894036172	10.510862720455147	20.634155749082588	30.36938819254701	43.362698870930615	52.65399039030797	61.33940707743554	39.63099306047688	48.26140639353498	56.127514099079626
231000	6.9366644388987595	16.16867091677271	25.058915033057303	10.338564069454005	20.608404372834073	30.498733914101628	43.94938086835994	52.58174809806533	60.3834828647103	39.15325869841467	48.30029712469276	56.18810170149101
232000	7.970610627570289	16.88551643008858	25.121098962312903	11.230713115294717	20.35088717877221	31.151731687963636	43.28589112328301	51.893809703513085	61.32994771405284	39.07826559065648	48.35057502154075	56.55649214287905
233000	8.008991103343705	16.830670664142662	26.51948575034338	12.155792838157609	20.927180224917926	30.434230778723027	43.35199249221313	51.88020984318154	61.7596457325484	39.26056893982755	47.92134411322476	56.801585569165766
234000	8.096753080938015	16.824129205765185	26.641442020470308	12.802989954456677	21.304325691691687	30.999200703947622	43.70080556329194	52.13614108635483	61.12131310180011	39.5255129762339	48.61351049683256	57.56762650903629
235000	7.825445790831026	16.43193785877729	25.07927562350417	12.1696405857281	21.779237515118506	32.072588848689406	44.26073437236083	52.53548251028744	61.90501272763696	38.71508701176093	48.54063585534654	57.23885117975905
236000	7.853911201863237	16.286375638752062	25.60849535450753	10.706131431260827	21.441681074175783	32.839606032767854	43.52963485306063	52.89212395676783	62.58809322661982	38.99266755151548	48.06146561955825	56.843201727380745
237000	8.422199470043243	16.890609148485048	25.72903531860377	12.505524436941869	21.655595668733312	32.536853872732195	43.32439584281969	53.37739248696553	62.37144090215192	40.486381237942524	48.27804024112733	56.66125610541122
238000	7.961281710920448	16.951546374762017	26.02294051687653	12.66536450752347	21.8288410561011	30.289200600239827	42.671468922769336	53.68432059796219	61.98260940295426	40.9137584875116	49.004812761420794	57.67393796113471
239000	7.618023656380994	17.046469560044756	26.565013762164792	11.80293795201544	20.81599076751781	29.934132353056533	43.22442257367746	52.16156180853916	61.984627119922465	41.27135908841823	50.73365713600681	59.4922554868688
240000	8.26674579927326	17.50968320324985	26.314541904652586	11.428867648973913	19.576736030324994	29.320728772891446	44.34335046698099	52.358748502275304	61.37789887176895	41.19826276850206	50.55925470425568	59.736641172539116
241000	7.191181823924272	16.975704522984742	25.975224243829643	11.601243102823531	20.135138517353408	29.957407278568763	43.54717372286446	52.7455863709026	61.248188816802255	42.52677383663299	49.86832134675549	59.60646117488336
242000	8.15291220778878	16.952633666005745	26.193309344813986	11.807435301337296	20.676668152679962	30.388309487391915	43.077831629267536	52.07432953322771	61.182009412978665	42.292074748612016	50.777493957928485	59.81220354641175
243000	9.149907071357326	17.158655700329458	26.478298432941152	11.156795399921775	19.754891840731638	29.766103667672382	42.444037119673666	50.820763119522375	60.94807244333855	40.53884353587205	49.80912997886973	58.59485885710806
244000	8.709211931624253	17.001681116402008	26.674217865015095	11.72552722691165	21.160872583754767	29.488834587409794	41.183367471680086	50.700198606025175	60.64426216044397	40.4492255107764	49.53235523351347	58.465159050234135
245000	7.700704790544712	16.548563155449653	25.400272728352533	12.644877019072275	21.64524678129917	30.216976171888575	41.68122703471313	50.336334179189436	60.76005649029694	41.96497973081495	50.35154438204575	60.598839434589976
246000	7.062710342962955	16.567962505734112	25.400272728352533	11.1703944995529	20.613127695094704	29.711953247234693	42.589324626606384	50.375089770241054	61.416765528140644	41.26572672615899	49.90852447203655	59.948452825901214
247000	7.163854923552144	17.126635007642868	26.041478801729856	11.291409371183587	20.651810600182223	29.8620031885811	42.38304184974716	51.885168157201306	61.20624730103942	40.93852105874292	49.46893958388623	59.25778540025303
248000	7.417389905401724	16.70106676574042	24.780247065679774	11.230106690038756	20.675147109633166	30.344367998462026	43.00833728310607	52.126031383737384	61.205397553364534	40.29101107131174	49.366756593764464	57.75664332181973
249000	8.249338884750879	16.97898442941651	25.425924504773235	10.923325356933214	19.688458537750865	29.49132425114267	42.095700650092894	51.54810718815837	61.18415558164359	39.96642566229422	49.31722927401347	57.344123268369906
250000	7.891700187154558	16.691742899373637	25.783770777535004	11.707576653024969	19.58512662130012	29.06898193817662	42.471531456604694	52.168185593266024	61.43332949614536	40.94646325065386	49.26674382635726	58.289995858845174
251000	6.635763144829168	15.441917075655407	24.745537190935693	11.953524454995687	19.826843755351344	29.25735078807549	43.141722867311145	52.51663002380063	61.438444797740544	40.99821406632098	49.492021340112956	58.867135862297374
252000	7.357910930735674	16.43266720763253	25.56366813749913	11.52333863910911	19.64668388185133	28.973531362132704	41.9134855839751	50.949933815731654	60.19170275902278	40.09502919422573	49.16502762127978	58.473027168784675
253000	6.883535268822129	16.28139405383118	25.60354936171309	10.727292923595218	18.572173440857686	27.68304492330161	41.56937417675882	50.38464598968899	58.348710134803454	38.94979005265438	48.82743644156396	57.68117312457852
254000	7.017836528707109	15.669268718064993	25.345634741850994	9.946123369906848	18.655439037860056	27.924630273344675	41.826384231027184	50.94019778792677	59.3238618154117	39.29836036602823	48.51791745692304	57.912555526718315
255000	6.805390388984109	15.570574901473133	25.454766571605845	9.9728381388967	19.352264463551577	28.160293741726313	41.18266997842647	51.22419328235654	59.885143325960925	39.88549194781682	48.78236587745092	57.56665863803002
256000	6.075815970860274	15.58337418572364	25.470468706373094	10.076867300539	19.528720991798725	27.53086282861334	41.702867229555046	50.33131744714093	59.82088418748856	40.78436566019032	48.57854678131962	57.213114071467785
257000	6.052579030192031	15.054413064900523	23.909820891263937	9.952948798910542	18.860238117376625	27.363167147988698	41.63921040932899	49.55843975183119	59.82088418748856	40.09509349891552	48.85947895769632	56.852242868451185
258000	5.724242219150387	14.756102431753167	24.052843407265804	8.933111568760065	18.275539350979443	27.76065482273596	41.25856065002341	48.98428333532442	58.77027789993656	40.43208787420387	49.579029149207656	57.98696540416016
259000	6.158146796076572	14.824387493904482	23.55517345773245	7.5367807005393095	17.328707062283414	27.487157921670246	41.37604534601631	49.148592260358825	57.942279117668605	40.47115258139396	49.653212848387454	58.479639146026955
260000	5.605472508803297	14.202279092278872	22.33050882095278	8.377392790176046	17.178699270669984	26.43635447709724	40.4975088116898	49.55154985540055	59.00859145822936	40.46322499470796	49.454592556832296	57.57552542819921
